cookie_id,score
ck_315fb710a0e371e7,0.0008695010817541971
ck_a76ee3b3e3e522fd,0.15196914493215652
ck_94c9a4d382689e82,0.01664906613693163
ck_8eaf9509ad9462a0,0.004160208917771078
ck_9a88a5a989cb5bc6,0.008095563113944727
ck_15239ef0689c1a35,0.01084827117406302
ck_8de69cd219d3b87f,0.291080350220175
ck_f92cd37022b0ce21,0.019952848261181606
ck_1a3ff7620580a514,0.002248926332588564
ck_397c03aa33a57310,0.18281604487956804
ck_a7cf6c3b322f6b7a,0.02510178989274385
ck_c39a9e75760e3201,0.03967647919973222
ck_88ab6d245228c38e,0.000600847955725097
ck_17733f75ebdea93e,0.01787599920450683
ck_58eb871e8d7bed52,0.005156051720417068
ck_e55b7fa67db1ec27,0.0027169240575012606
ck_62f5cfe22c952694,0.017161697300255345
ck_7fbb709a0fe95759,0.004891064414324953
ck_87abe9cd066a20fb,0.03660608909629234
ck_d58e058b5c553dd5,0.009068919351027252
ck_d27b872648b71202,0.0009480179193368686
ck_4b4a3c5b95c55b43,0.0017520264050865206
ck_66dd4f4b4127256d,0.0009533636610796028
ck_93cc12703b500613,0.029577021228700963
ck_d28806a2179092eb,0.9988820435776099
ck_0595c2a0c7881e05,0.011703697352312423
ck_50087d8666191144,0.02835968920181491
ck_b08b3f089138c901,0.007500491641404516
ck_fe3b67041dad2dd1,0.013791464582212228
ck_8449a28f7d475d93,0.029456636152409586
ck_8642e3b6d84f49d3,0.011455074125756663
ck_e49b5e4f2f2e79db,0.5070413468954827
ck_437afe412ea4259c,0.02943748111151257
ck_569b83668d74042d,0.07244481373739764
ck_233a487d31c3e631,0.9971251114334281
ck_1fca72e03143a645,0.5972323122528163
ck_79205e31223df2ad,0.01099145004192893
ck_9625a64406ea16e3,0.010887351046947626
ck_079bd18dacb704a8,0.12547808058567073
ck_4db6d4fd2b49aa81,0.011295958163810075
ck_0dbefdac0a1868fb,0.007475208678204984
ck_24ff97ad90bdd69a,0.04221364566791985
ck_77f8c5042065d506,0.009951512563022432
ck_f11be8ce05382cec,0.04857365981244029
ck_c9d72140b0389216,0.01754143807434278
ck_69eda24e931fb36a,0.00170026409329142
ck_ed471e496916ee15,0.01011524240460462
ck_ff090498c4b17ac3,0.0017160498389366913
ck_c3c19d6a0720915c,0.00433075626580087
ck_af02e1817cfa40b5,0.3445213292993537
ck_2df5a9fc87553eb1,0.0007170181656037509
ck_4ac918e884cff336,0.025573443557195093
ck_ca149244b54ef3ad,0.00037895956200304117
ck_6babe5b8674ff51f,0.007013072963062304
ck_1573878386886290,0.0033601879340169065
ck_3925f8565abb7fe4,0.020289785062420237
ck_c4de808ae69c771f,0.0019620789776095622
ck_a777c813551281fe,0.11183344251356553
ck_df4424f6dd85080d,0.09838201766258733
ck_85e5494ec20383ae,0.009807628130474704
ck_f71a4094e889c3af,0.005654008575292871
ck_f2f3cf9cd23b2809,0.012755442072523396
ck_18e2076397bcc211,0.11372138828120008
ck_c9f9fddef39bc664,0.03149299442341377
ck_7e826e233d6ea028,0.008790365650278197
ck_62fd7eb46bee9210,0.008156451422544647
ck_206f8e3cd72768f3,0.0287264229738591
ck_aa295a11b0a6ab36,0.002144901015708928
ck_9a56739d81f84a53,0.009112899190510773
ck_aa075c418ed9fe5a,0.033770196033453194
ck_62b9fb3db284941b,0.034253937355836615
ck_f4f83b1403ebea46,0.0058210210587150805
ck_16b66bd803288bc3,0.25363012425271153
ck_c4ca1434f3778f1d,0.9980521368989672
ck_1b823610371a29c0,0.0030737169977849625
ck_c2bd5a722aa637d9,0.006364239716570702
ck_7890208951df34f0,0.016470373915457855
ck_020eb0e454524ecd,0.00040361066598328175
ck_3b66196ccf436c35,0.0017901218935561405
ck_109fc467ec0a4af5,0.07782061465555926
ck_f3dcd818db92de7b,0.022331985306026855
ck_31e7742f160980ef,0.01269766959727152
ck_77fce5f86f00b8f4,0.02602952972801233
ck_46bc797b4d07d607,0.005807757989752962
ck_37899b1b571b1c6b,0.007891222115126151
ck_ef8a6af43fedd464,0.051995024192443576
ck_bcc8519fe8521038,0.010092692761941876
ck_90696b7182dd9129,0.009373569233056196
ck_4a24ad61d017e1ba,0.0376321058554977
ck_0acc3d8c67218b9d,0.07499096096277814
ck_05c97fc9de11aba6,0.16432869479044898
ck_f8ac3a0500c0ec62,0.003154349765361394
ck_617b65141f546a1c,0.03080247800723573
ck_9d00823bf60388d7,0.012282769278855436
ck_123c15d93f1840f2,0.10345956795463947
ck_573feefba6bf78bb,0.05425780797923985
ck_b25657bd16739036,0.005658782273226487
ck_bd26d2bef14a8597,0.021358053619622022
ck_a553418f2fba1440,0.0018838068265888592
ck_89f3e380b0686963,0.007630911489978636
ck_b359192aa659bdce,0.0115843835683183
ck_02241f3dc301bebf,0.0042088065669067375
ck_5ccc1a1c78cb33ee,0.06282461499036254
ck_349cc5edda1b8853,0.01545453194430195
ck_e9f228845bf6e28b,0.021703834731000994
ck_0a45d033d4e280ea,0.01921210509840622
ck_7e63168dda612235,0.002561898042103746
ck_676fa5f6aae5475b,0.031708347142614446
ck_74b502b20690ccfe,0.00047233966972971234
ck_073509af21dd7f5f,0.3783190406572097
ck_498a0acd450944d8,0.006479549199366143
ck_7f15b50b29dead01,0.06802996461280574
ck_8089fe7403c5f537,0.0028655250320625335
ck_05b2b04e11d9ae9c,0.010748515634767537
ck_31e70f2f04b48b88,0.006084207996651005
ck_994316fa5a02b319,0.0021021543386109906
ck_b76510998b9a2260,0.016325073171049278
ck_4db95c310e105d30,0.0033669723381354287
ck_6f730b77dc6cdb84,0.12317003501984045
ck_2493ee8e7b91d304,0.008860694891009274
ck_92d679d6ac7dcdcb,0.03567477368161847
ck_3a0e0200cbb185cb,0.22756100044808314
ck_0b2eeb4e00ff7955,0.01310886514312758
ck_9843d0e61c37ebe8,0.9989282411842617
ck_e61c8721e3ef1921,0.003647569906147939
ck_2e0eedaaf2980c2c,0.029185722381675352
ck_9036b2e5e9298a34,0.07797276588228416
ck_3265442528d51728,0.1786769916764504
ck_f2ddae2eb1cb29b4,0.0814373652949661
ck_6cfa71d27fc27f92,0.0055191542097350055
ck_f3199fbe84a28b9a,0.012856238189914129
ck_b78d785ca3ef773a,0.0022076782719467848
ck_374865697f1480eb,0.006524060676510857
ck_06d0e4a9189302a9,0.009831034840993185
ck_9c9884b9bcaa552e,0.04342593775945927
ck_fd4cf578e87703ff,0.014025989830313492
ck_1917ef3e6e345549,0.06235026008994116
ck_e70418b00cbbbac9,0.03529497296045183
ck_a60388296a47062c,0.030014857499498403
ck_d598fe8d2c779ab9,0.001764044493208779
ck_646dc03de4c31803,0.5555191857594736
ck_e4fd8cbd842b6993,0.003776229656897898
ck_2225b555aa2a42ed,0.022454372877967078
ck_6be8ae9d78148882,0.0018590642576275958
ck_4199342d3aca74e8,0.013355145446393355
ck_779581adb573261f,0.030401631304627613
ck_bb303568b6915205,0.006269570361916599
ck_17c4296276448afe,0.08790916637341263
ck_a60a61ac829252a0,0.0035402233939597636
ck_6ea70950c1cae00b,0.9346809493961411
ck_1abb93f6924645e1,0.011822670650488842
ck_faab769cce19879a,0.04156663390917603
ck_d5b8e74e7ca6355a,0.011006987674138937
ck_f11f7691af16ad07,0.002862758427473298
ck_188fdf2be7c92e9d,0.9997586507724675
ck_4a103f8254b366f7,0.1765897881220933
ck_bfa17a0b1760e616,0.005509616545164043
ck_a4d7f6a5869d440a,0.8632425047097212
ck_58e20f5a3e7f11b8,0.688706925948234
ck_4becdd3d2696c7ba,0.0017872723567830416
ck_dad5cf32ab9f243f,0.0657121119378669
ck_7d9f73dc7c4f90c3,0.08093314930761633
ck_c19371047a2d011d,0.012367832618813121
ck_247589ff532f7aa8,0.00021667202288497595
ck_7a9f241d5f082567,0.01697201522632595
ck_0a2b7078736b4dda,0.00012110066122873472
ck_687b412e2aac7eb6,0.007412816297193929
ck_fce0b6855886a0b8,0.017764518036058455
ck_e291cc60920456d0,0.03059666678077201
ck_04219a7ea798db51,0.034111824427718755
ck_286bfd719836e9f3,0.19168332585217268
ck_55efc92394fee232,0.004746385790047014
ck_e36c8da1bd359960,0.051395109503842976
ck_34b0988a97d96902,0.004663218167850228
ck_e0fb11fc9dcb34e6,0.0031754663348445055
ck_bcc9cbc9ed8b7c31,0.006558378027527906
ck_3df8da6f60a89a5b,0.015383655139320314
ck_b1495ee5c59a6b28,0.012369131444506173
ck_58f4c3ac61fda129,0.010205590546997326
ck_735f244b99e3aa8d,0.004665213784847428
ck_6b93bd8abf87b1d6,0.7825170083776992
ck_12107dacc6d05bd1,0.011387552970418697
ck_f96db2a1f3448d1f,0.0128387915491455
ck_8fd91a3c99e19097,0.010103668957052975
ck_910205d25388a0ae,0.00971622081393112
ck_d229dfa0e4442628,0.006247583302964886
ck_7cdec61e1c488798,0.014812880350722446
ck_f66f06e24ff32671,0.025257266485185535
ck_350bf14e90b503f5,0.016050989996689215
ck_61fff5fdaadd394b,0.006405654074652055
ck_e934f984bad2ff91,0.2751496200854336
ck_ff6a6d3547dd2d37,0.003781861960846596
ck_65ad9b15979e3247,0.004822683628759059
ck_bbe1a2ea5a403ad8,0.49932797815190144
ck_6f3a28eecd2c4031,0.018349313852877917
ck_a89b66665714058f,0.0009855329098730978
ck_918c92182b6817cd,0.019805225298449636
ck_64f5eb4be9e7b8fa,0.1895796525481614
ck_d021fd497ea35fb2,0.024986683127851135
ck_004de16f7d8a42ae,0.012622978306351732
ck_a33d2325f86ab12d,0.020650856351125714
ck_89790ff26c844bc6,0.09440526592448918
ck_e6e7257377c37b28,0.17811739975983146
ck_a2cc3910a641a808,0.27999063361007287
ck_646e270e0195bf05,0.007350853360852495
ck_baba5d66def0d770,0.3283577708570643
ck_67cdcdda3033842d,0.008720077731114854
ck_b5c3075c811a2216,0.016446979577060847
ck_515379973a8044b8,0.07020293306100127
ck_c0ce85fb4109567d,0.0021960730634196014
ck_fef850553862aaca,0.01381664739259702
ck_55d7217b0aff9fa2,0.03459550769448627
ck_8e139f8925ef7968,0.0014243840269660625
ck_9e35b908fca1e4d7,0.011695708672614775
ck_59735f4ab2ad3da5,0.012066707596275622
ck_dc569c1167ccec0d,0.6288463312257276
ck_1dade5592f90a15c,0.04190375993639756
ck_793048d11fb8b328,0.5121107861430199
ck_545b71eb4fa594b5,0.002966920953149132
ck_bd30853e9a57b544,0.018085584783205665
ck_59f46321ecf6d306,0.006686842684079194
ck_260cfe9141d249f1,0.20001888046311317
ck_3365a0ad1a8aa83c,0.001456217951689853
ck_b0ef193195a2138b,0.0014190013356186846
ck_0f909705e2e60f2f,0.007978130269137787
ck_5a540b75c866166a,0.015090188985805515
ck_87c26b2f41025109,0.9941130218645104
ck_27acc9f320cda104,0.15581727685152535
ck_a27bc31eecd9cb9a,0.0047351393974456235
ck_115d86fabde77b65,0.004131608964905313
ck_eeca179341d56f8a,0.3939387875650301
ck_8e5999c436cf037e,0.010388377102560586
ck_510e7c5df1f95d90,0.9955012977080103
ck_f1acf73363925958,0.0045048171344318775
ck_3c177f5970b68bd3,0.010036040832624616
ck_9cdfaa1c30cc9d32,0.002658703601352697
ck_c8efa1538b37c359,0.07202086484832253
ck_a8a2e296f9804bd7,0.004485091545023366
ck_91a0ca45f429568d,0.024187122820094813
ck_5fdf8a0bdbd3ed62,0.01717652954725436
ck_0f4e2ec66d50da5f,0.0013419263289742177
ck_28c53b214b2ee882,0.1442878110678795
ck_003148504557f720,0.10037674963377582
ck_01d840cffb870615,0.08619368998635366
ck_555848d51f4b5f35,0.061982398893980946
ck_df20cc23b8fb8e22,0.0018694449493686254
ck_f9604adde929beff,0.027751841045319376
ck_d66952b03591bdec,0.03273191372058876
ck_ddcac1ab765ff61a,0.016061133548901783
ck_347386629d96c664,0.004256688618588092
ck_ab01db9117acfe3d,0.008021117819315209
ck_58e5359efc52e0ad,0.019921602547677716
ck_1a524b5cc8da71b3,0.04017191989137516
ck_e9287b6d909d731f,0.000535416621274519
ck_bb41a66e3d90263b,0.146215042676005
ck_e95c8cc1864bd584,0.0038690769349546987
ck_7a3f2961e9a8b6dc,0.06264068566722102
ck_378a9df82b1e0bee,0.17531702840268945
ck_42633573639a3f02,0.9861111519785971
ck_2a5a4c18c2c7274b,0.013485440184601566
ck_77549c1a41f837c3,0.013525775479015201
ck_a26704b5b26258b7,0.02851209598709063
ck_9874ad160efddf50,0.0047185212483458715
ck_9111e3a04b14dfba,0.0049472702096037295
ck_651e076ee43aea85,0.02489533768741067
ck_391639c0f13932f3,0.0032757321753182195
ck_02dbabda93c8c13d,0.010709137674589187
ck_0adcb1fffcb0a34b,0.004802831101178654
ck_7a43ef9c7b1c67b5,0.006316937429746948
ck_4b9dd69946438d0b,0.005382690031410291
ck_90bf017cdd37b66e,0.022365879589787502
ck_61c74163eb36556e,0.006806523965054907
ck_13376c59b5bd6943,0.002744956804645665
ck_62337eccb1672737,0.15880718635367078
ck_16077934338472bf,0.024381254262834325
ck_0d4dfd93086e7330,0.0482177441094546
ck_3865b7525b910893,0.007083973291159636
ck_7e2ae8b69ebd5675,0.0022852101475744476
ck_b4384b6c11766ce7,0.08552915576626322
ck_3d7fa32dfb9fc692,0.033342819064259295
ck_f4a6a7cadd6e0603,0.14052296081783644
ck_212525e2828a6c45,0.08652166200965813
ck_33ad8d53394ba77a,0.3565243897698717
ck_a5051eafe8b51224,0.03879947973176542
ck_f65e5ff7da565f91,0.025013335450350182
ck_5c37f7563fa7591d,0.005953593084063947
ck_f1e0a006068aff29,0.06702612215000005
ck_c646cdead6fb79d0,0.002847042598189639
ck_f8b3cdffef535330,0.04282115704657123
ck_e5cdbe3aa12c97f6,0.0025494357351143688
ck_986e4e61440506d0,0.03344757746483952
ck_6da9c5912e15d9a8,0.0328474694569268
ck_51d842e6dae74c71,0.0034824978155052503
ck_5fc65c24e0736d5d,0.8794417511146884
ck_babb95a76c69509d,0.03576665763202703
ck_86a2d852a9715432,0.010299872144676137
ck_db4083a0d043def8,0.08252020488315222
ck_96953b8945b7d403,0.005203099318016426
ck_7831ca5c31fb3859,0.14401341129619422
ck_60ac5e5f375daa38,0.0247265285408927
ck_05d44eb1f5f085ce,0.0067342517085707725
ck_432cc19c7eeaa46e,0.02836451849330377
ck_7fc513033af061af,0.019708797586183418
ck_ada6ede84c111719,0.00849481912799713
ck_6343e0d3b1c2962b,0.04376606966127476
ck_010264ae04f2e902,0.060985948730427855
ck_e9dcf535f8c289eb,0.08139669825869693
ck_37143d9cc296e6fa,0.0009627177808596983
ck_61fa051192f3e810,0.002713313816610779
ck_f9f93d1d41be1468,0.45466480923693403
ck_c4f4f28457be8a74,0.005043127348215272
ck_323a71f9452d21cb,0.8719885515306215
ck_170f4688e0acd875,0.1756914833480192
ck_869b1878d09d230d,0.146339579098333
ck_2f6b33bf46976229,0.00522268596631127
ck_b11e22e75d9b99de,0.009500767599911808
ck_123d75ffb75b606d,0.06011023504510864
ck_94295287a04c85d2,0.08806285855392078
ck_1b0434f096795328,0.009151955864270585
ck_0a4e191cd0a57ce1,0.00748986171110001
ck_d2fbd0df99634676,0.0017296748790217723
ck_d51df5e9fbbbcc94,0.6846547420918591
ck_2d3d7d64a6f443f8,0.003616164334702534
ck_731943c682c9394e,0.1742706020994311
ck_5ccc0c94e5e1f849,0.009713113528633627
ck_c3476080516db25d,0.015383608128256936
ck_5010ffb1c94187b5,0.004600341620512417
ck_7ef666d67bc70223,0.01208755525782449
ck_c1b493527224a27a,0.009164303456924578
ck_5d1e25d7acc5af9a,0.00275754729446985
ck_ec30b61cbf517db8,0.009072666511337
ck_79323eb5d2e5efae,0.0032136162905984323
ck_4085cd3bf2661518,0.004423931655307589
ck_2ca91214c357c072,0.054814937368456204
ck_7f3132d6be389657,0.03904707801496411
ck_e7a6b925c8f39a85,0.17031577287857988
ck_c886adec7bac250a,0.011894213758531383
ck_c3f360c2d0ea0a37,0.02745087510838193
ck_a7acd5b015823793,0.012221424683722077
ck_9d64187c0800f84e,0.05172089082078173
ck_5d4ed73b9efd7d11,0.0056033994378253665
ck_874eca6776b34dec,0.011723174708555797
ck_96a9221a87be93c3,0.013306625057924256
ck_68dd79a51eabf5e6,0.030024098721118702
ck_8311cb6755b2016c,0.0010914836847017186
ck_16fc77b2bcf5ec03,0.9716877480927054
ck_ad9e2088a33c8c72,0.005371970491936129
ck_7176bbc97b1e42a1,0.012654711633808612
ck_80dfa54b30f65fff,0.7619455756791959
ck_31c54d540b128843,0.04077992377480429
ck_43ea894480567274,0.026188749610091377
ck_9c9e8a38bd5a6c88,0.021540190432870667
ck_1c2dcae19539e148,0.06002637137592591
ck_b0fa8b84e94d8ae0,0.003152907506401351
ck_4ceb43ccd0a81c2f,0.0027435173809736936
ck_ba845332b730b596,0.004743072537409512
ck_73d3e8c6077f61e6,0.14395291796587553
ck_b5d0d223ef56473f,0.012759488999893234
ck_949f08f8e80e93ea,0.003299899374497651
ck_73de0b49709e5f8c,0.005977359495077044
ck_b5935e9722a39819,0.030192186799487482
ck_96247fee0eb44420,0.01113538329742513
ck_a6def1e4b2d57e0d,0.04247958386954574
ck_aecdc5a96321a2d8,0.007858552421059607
ck_bc61c59970f8de49,0.013417415984389563
ck_c43b4175fc9ac5bd,0.3954228752946583
ck_8ff7a9b23a55fd62,0.003361303586004221
ck_20c99b645f462449,0.0005141280056271941
ck_a5ce2ae36fb410d9,0.002243862401730798
ck_96fb9bf556842bbc,0.0036038620816256322
ck_b5e4c6dbbed1b773,0.015027070880582197
ck_2085433978e72ea9,0.13829315312938095
ck_2c6b174b063ec637,0.003401874578384904
ck_b20b81b88dabe28d,0.0625779024223334
ck_243c18dbf150831c,0.013186630519059555
ck_2bb6a17e8eee35cc,0.028395256381124445
ck_66147fb994495396,0.2118969314381823
ck_73f124f075ede0fc,0.008958519978424078
ck_2e315f1b1e533dab,0.02035349937466261
ck_16c7bf94ed3e7a6f,0.0025119786662963304
ck_4a0eae220a762ac5,0.014854780281725561
ck_dc16f939c2f44ad8,0.034250880551376414
ck_817926b449754917,0.007204037190339059
ck_0c0dde42ab64ef87,0.016612019829203645
ck_cb3a40594da6a2ee,0.016249253972205804
ck_d0dc156441fcfdcb,0.020736541495891284
ck_66f0945add423e9e,0.07990417355697893
ck_a74f6a3030f5d495,0.030852372038484722
ck_1ae460f331e49ae2,0.048359835013013476
ck_2d177b2f4f0b40c9,0.20777265826906602
ck_92e474e4368c4791,0.004320270444419466
ck_3dee83fa2d109484,0.005837828094428466
ck_80e5ea27848069fe,0.004249492838623979
ck_ed0c4a83701ca230,0.024682683901071225
ck_0b8b7c5c581fd161,0.0029973736442575724
ck_60bf8a2870956fb1,0.005409866576624393
ck_73a54b56a2bf35fe,0.8819867347747442
ck_2296d7a563424883,0.006372907146712445
ck_bc19c383560c7477,0.021651162479625785
ck_861d8e3d88f1079e,0.025141577573297994
ck_3f090fc96c24eb28,0.05045234248204011
ck_9a6a1f8102febfca,0.021483813876838603
ck_541b6ad5d2fa5a39,0.03031978275660784
ck_a760d38d1bc4de97,0.033191381988624036
ck_7dca4d7ee10b4eeb,0.0021472053412893957
ck_15220e78d1545e40,0.018544186229108302
ck_ca24bb0de508efb0,0.08631957885952839
ck_56b389627d8f02c5,0.960305300306743
ck_48a6754977a44db0,0.012702141104614345
ck_333a43ec339a04cb,0.0230178716588952
ck_f22aacaf86a65d7e,0.019077244902236137
ck_04bd8a1ffaf3ffd8,0.004034061362170179
ck_2737a72de6b700f3,0.08120772481361511
ck_c35e03b0dd0c3454,0.0061101009838521025
ck_e0571312f395cd94,0.008915566506709167
ck_09fab6b9825001b2,0.016833644417131904
ck_18c3a095606209e8,0.01692632774701558
ck_2a97db9377d01e36,0.0003583601236430887
ck_f29dbbfdd2786bd1,0.0065831087382921556
ck_35d6c510ad29362e,0.1915296291733051
ck_5468fa99c945d785,0.01725940620566701
ck_6f8102f62c876cc9,0.01705893915702626
ck_91955aab3424ad16,0.052640100597395566
ck_9a43c0c73a39d759,0.010372546504909349
ck_60b023af6d1e30bf,0.2627243116782858
ck_9704c5cf8659cedc,0.02401421117741787
ck_7e5f02b51b9f78bf,0.025266464216092556
ck_7d3a88d1aa649708,0.936748612059412
ck_8250eddc1ecb07a0,0.020814998120095348
ck_d979ef95ee44023d,0.010513473637190856
ck_5e5461dac83531ac,0.0008800890399658812
ck_d1bb8890081e0a31,0.004231911405878582
ck_32246c62640648d9,0.00200097276310046
ck_77a40c7d2f862a32,0.029739267183877607
ck_1c8b94efe9238f5b,0.0036262739062324686
ck_eaf3b6d11bc3cb11,0.01200827031200798
ck_a4a7ef3ad799c380,0.361029133057952
ck_d5bd8f68da073cd8,0.056279599356878894
ck_6e6258227fc8db7f,0.001186992204889246
ck_c35d444e05799db6,0.009373838312943281
ck_74665e1209140ae8,0.0031313395596708803
ck_353a272478f7e903,0.010602858266824559
ck_a2c9796ea229a4e2,0.011659622081875175
ck_e0171f91cb3411fe,0.03292453255117036
ck_703499f5410280f7,0.0037391254730943
ck_ae3a763997f8f385,0.006513448108730035
ck_f7ff94c3df5ac874,0.011064776652058279
ck_f3c16d8f747db046,0.05009945534642036
ck_7ef019ed77276496,0.012193622528043768
ck_d6a4faadab58a3de,0.0017692141344496622
ck_ba7b78d31d74c794,0.01753697594199155
ck_36287d063350ce9d,0.019767644306887683
ck_5177fc7137ff26ce,0.0016915532227199188
ck_dfd4e79aaa967b63,0.0016870825670052302
ck_fb44d15fb93a7157,0.009937138991910222
ck_fca478361870a4ca,0.04296821714341685
ck_e57b94fe57341058,0.007290166259661634
ck_5448c946cc4758fe,0.003177856856093916
ck_c5ece5ffb8800ad4,0.0028571869692249788
ck_11cb98211b2ed134,0.8613279558884144
ck_f655399ac75c4450,0.013672944396450367
ck_c817259019588d30,0.014904592528780567
ck_8740a14d8096c6e1,0.005614936162946432
ck_0c5ba86f4e05b38d,0.01405980273931343
ck_ccc917533d4b73d4,0.008296251916939675
ck_9eb80edfa43203de,0.04629307606617797
ck_d1a1cf4cf61d6801,0.031562084575340675
ck_b17c239f160e6017,0.0019571900237365146
ck_410c3e13b48e0415,0.000907943773952437
ck_ab553954435e8854,0.32550691386112557
ck_bdbb4230c91e1604,0.03519587337031624
ck_8fd4937eadd64fb6,0.0796911880083223
ck_e0e90b196bef3c11,0.025708449993452856
ck_3dc4d464386f0eb2,0.16919965651082458
ck_51bbbf8f8e8ad005,0.9998598605392663
ck_c05737ab74cf03c6,0.043863934210791246
ck_dceabbe04d99afc2,0.002419065332560317
ck_5b86fd14e85bc9c7,0.4417111192725285
ck_d4febf0083800424,0.18601597036735412
ck_77d9f86dcf251739,0.002711757367687144
ck_b4dcebc543deaafb,0.005771183446013506
ck_cb856e75c949b0cc,0.0018248025522290764
ck_61b067de8ffc1ca1,0.022422740083386357
ck_c0e8560ccfd9dd9d,0.0016030828151128594
ck_173e1198c341087b,0.0023844582790699394
ck_b4d55bc809000276,0.01738685408517001
ck_839bf139296b5cea,0.01838677222801956
ck_78cd402a2a4f2e35,0.009362857593435758
ck_c2925c50ebacbdba,0.0011479719019006028
ck_5e3bc76eddbdb0a6,0.006008034110480086
ck_b7793edca26fc512,0.010105079618391025
ck_d79bdf04d6f31cd5,0.012948120148576813
ck_4b97d19ed946f503,0.016586399873229768
ck_37139b41c5370523,0.030022623206939103
ck_8c346eeefa9ce692,0.0062537243911695295
ck_2ab7eddee2d8c49e,0.0005109106463214969
ck_29da59ea3bffb9d8,0.2995621829015098
ck_c1d05ef0ec6e4be7,0.004123581132021729
ck_3882423b449f6291,0.6885647493448874
ck_5647030283171ed5,0.44192642452736786
ck_efbdcd9c181e72ca,0.0009887660044962
ck_192fdad892782daf,0.14220057785111853
ck_0bf2e13b9f2601ac,0.010843232571433136
ck_3d6046a533057795,0.0017888479812477578
ck_279a1d3a3836e5cc,0.012770148533443756
ck_c375e929becde422,0.0010621741552609312
ck_a59e90219939a1f0,0.0006666535918335642
ck_4e9fba1ec54c3ff8,0.015087287640359945
ck_bcbd8588a13f5eef,0.011848310075359489
ck_5f9a7ff990341bdd,0.014491127912094913
ck_e0403d507519b7d2,0.01663949548072026
ck_c9490cb61aff5112,0.023680806425512804
ck_41dd44308e6a665a,0.17244688967606267
ck_76c23726cd7ca947,0.0031668458387723235
ck_9be551300209fa83,0.002681501160908267
ck_a98848eec6c9581e,0.00883095052301172
ck_61176dafb33b2d8a,0.30325689727235783
ck_92de019e05971ce3,0.010623450936086529
ck_5d644224135d7c65,0.01338656958108502
ck_c767fc454fa215d0,0.003904852966423033
ck_5df85a8924e11f27,0.0333499384354767
ck_da2729307af06ed5,0.021521705101725647
ck_7c6b577174af7a78,0.0005729862590180538
ck_893b8afbe11301e1,0.003541793624708749
ck_e06f6fed020ae014,0.0036101352735522373
ck_386680372fb54857,0.051220724931615766
ck_7a7f3c4fe0c9d2ca,0.03291390203739514
ck_f908b527c4db422d,0.032744116687809875
ck_ec2eee6a133e9a6f,0.06115797985306453
ck_d98934f9fe0b02b3,0.0033441374414746898
ck_398a1ed77b0130e5,0.011322212912711545
ck_d960af7a55b892b1,0.004627961484020066
ck_4637e54a9f79e2e7,0.037530319006152564
ck_02b9f418524f6650,0.01128519810258464
ck_d4b23804cebb045d,0.014442031825530189
ck_35b1939c48182a9a,0.013512952141534324
ck_2dcbb71e39d64305,0.0063398403148527465
ck_47a884dec960ff2d,0.1480369255879918
ck_71fd8c346fde5cca,0.04579824478969013
ck_98e1992ac8e7d2de,0.016000472978854038
ck_ae7780327e210522,0.004251461852537195
ck_e6c584b4b1ad6d9d,0.02251476321771365
ck_344b2e326a6c3dcc,0.021314566915715594
ck_9aa899a5230b0963,0.036638915868616555
ck_e48d14d5b70ef5aa,0.006753189482730365
ck_59d380a0973b3951,0.012243335557057563
ck_11318f7c041a5ba9,0.0013605495555540756
ck_7061786fe2f22f5a,0.010795659911828867
ck_e77529651c416cf7,0.0018799608704196317
ck_7f79878197340435,0.004434382133867517
ck_b0a0fb0ee9ebf106,0.012239207969753035
ck_70c7679199776a90,0.014549518392523643
ck_b9facd2210daca5c,0.03542551010165423
ck_9949f53c155b8dde,0.0011377187383701584
ck_1c607e24f2c4397a,0.022626550476225436
ck_aefd1ce3ce093cbd,0.0010583352380702452
ck_5a29b7018e43280c,0.012546986261477253
ck_69eb0b2ccfbe5f95,0.0021746094823643855
ck_fe037765aa465c58,0.06214916536874901
ck_5e512ef5362a3dd6,0.0184075175495713
ck_544a9e80b7fdc279,0.018538509602736817
ck_7825494e654d5695,0.0030027724319218324
ck_f1f2c3c623553f0d,0.0012236036055547142
ck_52730906e5b461eb,0.7553226719408974
ck_01e0689157fe9617,0.03079508355603103
ck_9da82e567074da9d,0.009312317339716733
ck_6a17384072f904c0,0.005119713157168992
ck_8d84d771a21942a7,0.008497924620024164
ck_39638880292782a7,0.004388395661829038
ck_7d51c86e0eec72ac,0.00897588624512983
ck_45f4c821c70d134f,0.6070799476393162
ck_0af3c13ba56ce57c,0.014078178461391005
ck_0789a05e061b2784,0.24010323597077157
ck_6ba091eb42ffa9fb,0.08131401595151636
ck_265accb3c5c32620,0.06929091884187408
ck_179039559ff7566c,0.013474835108717617
ck_17c0a6a92b5765cf,0.007603795071805821
ck_59371c9140239fd7,0.011753563857216147
ck_f9c4f8b4ce2691f0,0.003998170534178818
ck_a2637e4872cf4811,0.2984545975812226
ck_1de43fd6c6c22a5f,0.05873486885014445
ck_6e4f31bd108571f0,0.010847950360201527
ck_da06d97db0b18851,0.005246217888859582
ck_e0346d5081e640e8,0.01891789131801105
ck_c1c7d4e62c9fcded,0.019965128588809646
ck_2595669e421299f6,0.009822620701741338
ck_3b6057d51fd4c7d6,0.005385855770290996
ck_c5f8ab515840a0fe,0.01695823613602207
ck_435cb24538c6f77c,0.013273343389005156
ck_d84b5403da4cea7b,0.03223323740594238
ck_c2b61a98d1c8f6dd,0.16948654531465687
ck_c9dcd92b2f836b61,0.2953431631462967
ck_9eb5b3f5f672c2b1,0.007067206000704347
ck_e4cf189a8d31649a,0.0011004687438651562
ck_6b114f2a48152b96,0.0524966203554403
ck_3fb95862b70f505c,0.05334181242730127
ck_7f780f465c29398e,0.01232114799589749
ck_ee387f9da79e67ea,0.02294544750936609
ck_fa3b1e85d27af2ee,0.03989266632558912
ck_e739eaaa7a1822f2,0.015023132655903784
ck_dfa0ac11fcb1dabd,0.004664640202258649
ck_6e8751b571ea54d1,0.025386774350175573
ck_2d695f8358383092,0.0075435606486214755
ck_e7dce27edb700f27,0.010950078499575057
ck_e322da8b213eab52,0.0012773709699481284
ck_d0b32e039abb8200,0.005690603232149726
ck_b354003302b272ca,0.006818827136082803
ck_f7485cba392bc294,0.1183978582281482
ck_d6a290ff8362c7b9,0.07641922144775967
ck_c56a44fe315c0389,0.004681173993761264
ck_f77dfe6512eae322,0.022853462894144604
ck_35fe969c58b9e70b,0.04970438200189131
ck_4c518637db2322d5,0.05561403035051985
ck_cb61902798ecc4fd,0.03385994791959614
ck_56e6cfa32156a916,0.0006666535918335642
ck_343e6ed2b9d35c01,8.254635237814887e-05
ck_51440f64f7250ad7,0.005689356128858007
ck_295bca29c34cfe2e,0.00901345796229763
ck_dd30558576b45e7b,0.001976038620904724
ck_3a30132a57181fe3,0.02058141497012163
ck_4a733aeb833406f4,0.0003893176127809412
ck_1b0b7c3d35ab1259,0.009360373946852931
ck_962c3bbf27cd4b80,0.07813051223584044
ck_9528e1d6b1707870,0.006483119199924571
ck_b3263e7f31aab45f,0.008401292616122812
ck_e69195a3c885053d,0.0029569061875529363
ck_a907fa8795cd4baf,0.0071680252410818626
ck_205c3405045bd835,0.002521164993090122
ck_e81fc223bed3c46a,0.013900936527357919
ck_363751deae40edfb,0.026824114638777017
ck_6176baea8cbebbb6,0.000576547542287181
ck_633e6579f5c74a5c,0.5279246986172818
ck_ddc11fc481eef58d,0.01668989184907698
ck_e975002c979e12c7,0.08017380612853733
ck_8e039b23acaaac00,0.01213787620432159
ck_1d6990d94a4d2ad6,0.005817674219139837
ck_e7b583acaa3171a2,0.010009420486056615
ck_c0133f60d39b2fb5,0.01671425066783045
ck_7d6bff85e7a694bc,0.003765835184631934
ck_d305b4d82f63f647,0.017760198750701072
ck_22bd0fc71f95e048,0.03050384878782921
ck_9a65fcfc7916f93f,0.000313663980690149
ck_d61c837b0106085a,0.04873529333912745
ck_be86a1db08dea456,0.010952972249153063
ck_90489c405e6886d8,0.017924463586883283
ck_0add2c321d579d75,0.03249441170036192
ck_482dea6eed92cbbc,0.01189376867489323
ck_c24b47184534cc2c,0.9985910386071025
ck_fa04ac31e596e7d6,0.004711855455768319
ck_084322dc5a3a86f0,0.004978173711407198
ck_ccb72a33cc1877b7,0.008687047000158626
ck_afaf374009d3b248,0.0050478180637856486
ck_b53084ffede19a8e,0.005418841414486451
ck_4760216154c8cac2,0.12857109376838927
ck_37ad3a65db673e70,0.031807630520802994
ck_0c2932cc0d553694,0.010925219969565757
ck_86b853c52f20fef5,0.006523802152155749
ck_38703b7546d35a80,0.004561464274759052
ck_218b7e6e6dbd2da0,0.0042165407538015676
ck_402db4184982fdf5,0.019807748534093422
ck_f917c82af80e4a79,0.03982004142038717
ck_3c6417a233c68c73,0.019788354922790602
ck_98068c397d70dd3a,0.014082698195750773
ck_b1cbd6679c0f8d95,0.004045417542466381
ck_9e962f9bb0e7bac2,0.0027162290375320965
ck_b08247c3ad567d92,0.6529152644964636
ck_3ef7a03ebb81cfe3,0.0024896790192088587
ck_5d7ae0e3562e99bf,0.029016957332928008
ck_c91a628236baf91b,0.5194513857671627
ck_7f8e816ca51755e3,0.8620440470249047
ck_5aadd286d188f5c3,0.0018719554165789571
ck_a037aff5f8128c73,0.0006558461375581121
ck_5df6529ce8290906,0.0014709137970864193
ck_5f3609511443e5a8,0.07738861165440335
ck_a6f61864fac3c8fb,0.006435427392601865
ck_2733fc6ba23ae46e,0.005864787959563185
ck_22bfb9246646eb41,0.19199918587616563
ck_bfc2a57d8fd1610c,0.3242359466886566
ck_49839e761d0e74e9,0.0026314854945921153
ck_aa4ba931dd37481d,0.01456868805429779
ck_2f9fa0d61829f815,0.003970447057373044
ck_5b82c774df10d49b,0.0007006985000512263
ck_411219470d0a195c,0.010855810521127749
ck_d07485ba10514a2d,0.3610615673580197
ck_219bef979ee21bdf,0.002525022013859329
ck_eb1006e7285184a6,0.020810760368307417
ck_fd242b18575e3063,0.007056694746472497
ck_95188150ff059c70,0.005338927438058193
ck_a9ca2f447b984a6a,0.0026471862756865814
ck_2dd39723c4088b64,0.00701965677054322
ck_aa2b4c662ff213b6,0.03835318034014863
ck_1867b1199c864db5,0.02097233584480977
ck_850ec97a5a0dab9a,0.20555463418191136
ck_562320295fa35875,0.13279558663615634
ck_bab5759b07fe2bea,0.0003436927728878472
ck_b9f1465d803e57b2,0.06723977766653694
ck_8f21f2690c32c691,0.09091878116111936
ck_df87d6f61a63eb21,0.003137879347769728
ck_770475876d0e7e6a,0.022510300454242092
ck_b4c014d5c0cc9eb2,0.01967053147641424
ck_3add4d23124c9290,0.028325107095772743
ck_bce5b7fecfb6264d,0.21806152617376146
ck_604c17cb97dc89be,0.036226530031832724
ck_e52cbcd9aafd26b2,0.001087468778403937
ck_0ac9114076f5bf3d,0.009948352403109604
ck_dcc125b178b79566,0.0013565877173890067
ck_4e333c09f0c37dee,0.41277510924114375
ck_ff7e31ff8ba731e5,0.009281674702986653
ck_8d0532d24f1070d1,0.0016955483394540667
ck_3689fa41748a6f6b,0.023018969765088382
ck_7509eb97c1948b16,0.0296177141359814
ck_a9161cf1ca22a6bf,0.007041102841368841
ck_bed3e3db135b782e,0.016267106838639602
ck_9040edd974ef8e3f,0.313445515133884
ck_fac32d76ed40f683,0.007014193908631455
ck_3d7b1078e2d57c69,0.001115142393496418
ck_dae09c4e074af5dd,0.3106679221964659
ck_fd84507228467b40,0.10435786579644166
ck_e2a2ce9b8cf44c63,0.0184956131248274
ck_cbe716f351d660d4,0.0004958396749392431
ck_cba4162ef29a6d27,0.02573952031504713
ck_4f1e962ff8a29732,0.0231918147151487
ck_39a81899dded61e4,0.003419560584764355
ck_25382331551d22a5,0.009806028967255602
ck_6d64e1c07b19856e,0.007942336732804787
ck_165a868bdef28ad3,0.04938963187860862
ck_88774ae52e30e877,0.009819840672270794
ck_fc7a9d0643570053,0.006163495387473692
ck_c2017120b3b88a46,0.06898570918006262
ck_d115ac6b9fd62a7e,0.004616038267479419
ck_439cf7d51ec7de0f,0.0025658110976380516
ck_2468a7e9e68a0927,0.00553188997162579
ck_7c418947124dee8f,0.02561932973222013
ck_fb0cf32c4a56f740,0.00848053441140001
ck_694eb6c43193afd4,0.008561355225209356
ck_993beb188dd4abb6,0.0369674773220805
ck_77fa39d3b733c226,0.04764237026582229
ck_49969a9abc47cb69,0.01971564901597996
ck_d3f44bbe2f7e9b2d,0.0033243798100265286
ck_fcf5b8216d0c18ef,0.007305471406011797
ck_daefe1e2d2bc362d,0.0038964844321918925
ck_9c9287cb28950eb6,0.01539967055389339
ck_c1d1a625b885a975,0.01321707038627152
ck_71b37fe47490b4ba,6.13287317099628e-05
ck_5d16e257c0635f7e,0.5771795903518292
ck_15918075563eb074,0.006719368842264473
ck_9a15fdefc47e8d11,0.05516057664291534
ck_6f04d047d1dde75e,0.0007251381392596148
ck_1af2c0b3b8d202c1,0.0011425160255077887
ck_174be2231c5fd2b6,0.0013291321317327868
ck_bb0713a2a1d65982,0.005853708704027741
ck_0daec63bd5b0729d,0.01332187176941512
ck_c0b5cc3e8ad2ff44,0.027500296371020812
ck_35bee1fc12664644,0.10801525683769893
ck_a1c7cf63467df4c2,0.000750114842004326
ck_ecb1e15f0b185ceb,0.009313859020511428
ck_f280d31f54a4710a,0.006581035929089806
ck_30f4b2ee8abe1342,0.11303261920964891
ck_66bed631354de5b7,0.006897540489066449
ck_c2d3ecd7278eba2c,0.002120617240912511
ck_e901dec0e09eccbb,0.011006733363103165
ck_5d038ecb3c8748a3,0.003773549394794032
ck_283c5bea94b21e80,0.0031117442734054073
ck_7956c251b85f009e,0.1388529097090099
ck_9f5f81d771146aa1,0.0013890493626843002
ck_9323e6fc1e168eda,0.3081995671313825
ck_10495d3a635b8d69,0.03823228300754119
ck_1982d571cd36eb0c,0.003803911792928091
ck_4f5d7985bcc2eda4,0.014220135590247294
ck_7df526b2b4410bb4,0.011708782416794202
ck_dbb498b1a346a402,0.0068226158186530505
ck_ef059997563e3330,0.0009789198678481718
ck_02ec4e06709e6b82,0.004640553181157455
ck_9782c86ba6485f88,0.0016749480029672763
ck_d69de468b44143ca,0.005668395682259506
ck_6430a8792f400e0a,0.008873684636243155
ck_8285bd3c90af94f6,0.002649501994304585
ck_985c9ca112000e9a,0.022377415362380058
ck_e679fbf4f4f4aa07,0.029528095127443886
ck_016e8c8eaf9d511b,0.024768977252348202
ck_bc996c523944644b,0.007094444769975139
ck_5b8315726f6204e0,0.012613196255539
ck_78181f8e998e442f,0.009148454176180055
ck_71c68dfd011dbbbe,0.8026311862393836
ck_db32c95ce2b6f502,0.8892765858812093
ck_755010362a9b1bc4,0.002132706721856177
ck_114141d85256c9ff,0.001869229496284649
ck_9d1a5cf5a3b87e48,0.011380196209735047
ck_ab640420858ab5c4,0.14823442077606305
ck_97a8dac48dd62488,0.4393666849153649
ck_879cc3166fe1bada,0.010884129186208225
ck_b0ed11080076e381,0.0004277380612030459
ck_7334a9ec656263b2,0.08561474795757117
ck_6494f0ef13ce44d9,0.004456720410704336
ck_724e459b9ece38f4,0.016454893237112814
ck_7fd8b1470401695f,0.27353908262365445
ck_292f81186358b0fa,0.004405767194863929
ck_fa7de64d37287615,0.018813982202422194
ck_d00e09e66ed6458b,0.09049494770608622
ck_b8d210e741be186e,0.0036447248831946496
ck_3db59982cbae4410,0.016332177931342257
ck_69887d0a9aaca6df,0.002337481939973207
ck_4feb21e2fb0b3977,0.0004035906983829739
ck_08c6cc1e143475e3,0.0047474191133206455
ck_fe6e168cdbb46b9a,0.02934932186622592
ck_07f1734be7fac56a,0.010149892331542105
ck_d66d59981307db93,0.016704555607611856
ck_f928dba0d587d7c1,0.005326169450027542
ck_786448fe3004cbd0,0.000830411131708873
ck_29ea329fa40ace62,0.01781155645545197
ck_7ea52b6f27edcb73,0.05198854175327338
ck_18bc51bbf3ef198e,0.022548760603026328
ck_44950df09ff14ded,0.003763521807001177
ck_c1466b52c0a10b93,0.35754117416092507
ck_6cdac067cc4db5c5,0.021580511976288432
ck_53f55c6e8cf2d432,0.003442044929648135
ck_95945f48453ca532,0.01444218233243077
ck_87cce4126e215153,0.0023450485957337676
ck_1ecd5516c92caa4f,0.0009901227914412174
ck_819b482bca14c068,0.4969572425105685
ck_a61a879dd46fc9f2,0.0026984425466668846
ck_af70aa32c009c3c9,0.0038635065320945516
ck_f4fe78e249092ab1,0.038971324390937076
ck_12c46bc52bf45b36,0.008183016035621792
ck_f05f5e4b40afa52f,0.004576731300272231
ck_0f8cb09d3f4fc980,0.04891155560828298
ck_80a64a7f0275a71d,0.01450645246791588
ck_683af7b1540a0b22,0.009587568087384132
ck_51fe0b613c076cbe,0.004004566706944708
ck_da1a2450219dcf19,0.018506928133767236
ck_2a7eba01ceba6c2c,0.013249706126912623
ck_4e329e29dfa743ea,0.33090319100963184
ck_0274d881d6db82c8,0.001841156051827279
ck_0af5b7d128035b35,0.009824073731468244
ck_ae0a7be6b0a0ea68,0.01797934617798702
ck_de5bb7a4d091386d,0.13503856060300848
ck_2bb7c17168a9d17d,0.09371067308743337
ck_0ffdff7b2f5fdfe4,0.03855912871903726
ck_718a8390b3d42d7d,0.005284506156476609
ck_7c4f12d70f184533,0.0018586771803405537
ck_d3e2c26b8adff099,0.015618400242654188
ck_ac9d3d9754104cf0,0.008190989352129346
ck_3b1766a1d51f8f0e,0.18582305551204312
ck_a9bf75bea912027b,0.04400892144499296
ck_687eab3ffe1f8cfa,0.03249441170036192
ck_25dd0b02af5b2f37,0.05017760154190241
ck_1747fcc466f0ae38,0.00792741679470894
ck_f6e9d14dfb6f3c28,0.024449248651242768
ck_c6a7bbd0adc4d5f3,0.04085686573360561
ck_46656a23f4456d22,0.6945643264630433
ck_7519260415c2998e,0.005282576309905246
ck_754f30ea19df857c,0.041496964509035075
ck_ba88a244d5f7380f,0.0036783646371598205
ck_f268416945316815,0.005409866576624393
ck_21860dd2159dff28,0.019608708881652222
ck_7a86ef4e2beaec38,0.004653817270557518
ck_0414507baeea936a,0.008354204244314201
ck_60796eb60fc3043e,0.027223988945654625
ck_1e0841ed17fe0562,0.003936967033331918
ck_0d641d32658d6e0f,0.016059882671768857
ck_b36086ae6d87eec1,0.005266724687345643
ck_962e65ab33b5c311,0.9616078641952325
ck_b046a42684468e63,0.02227538401732692
ck_ab3426435b0017d6,0.02865991473097056
ck_fcfe06e44d09a344,0.007592623635993473
ck_0f6d916c92189516,0.00796873138246148
ck_d4c8f0d957c3965d,0.008702927495856785
ck_2ca83dbd728af019,0.004120228286920364
ck_2857a4ce9f72fbfa,0.009037282714044097
ck_a60e6edc48e3d0ac,0.48806565403161833
ck_0cbd3b27063d4415,0.006562469628471833
ck_612089ec90c37219,0.01271139930045279
ck_ec4e597f17f473c6,0.017712302102839278
ck_1c93cc58f314bf71,0.004961352441705754
ck_2b359a979520276e,0.010856090496279934
ck_1496568ddc3b2d56,0.026621472858031205
ck_41d91dc9f5063566,0.020494550447024504
ck_4c5ff58afe3d7a67,0.011345298383702946
ck_81709736281fa3eb,0.011013974994363159
ck_d89abbab3d4957aa,0.015374103232556013
ck_52453401f88935da,0.03291667004964373
ck_a477654d34783e06,0.03439060298793889
ck_72dd0dbdf808cb00,0.01463600694571465
ck_c183dff3781746cb,0.03805059225123956
ck_c8b7f241810b45e5,0.009784275452585076
ck_f88028c3f306bc70,0.012588993283019585
ck_91d48d69e4f5d9c2,0.0022168921083780676
ck_b74b9ba6d7c9aab7,0.08247563740170809
ck_03e904682dc73bba,0.015604078960690316
ck_fc6fed6ea96a004a,0.01546826989193173
ck_51efdd240e34c642,0.01013853900594079
ck_e78ab4ff52b5fd2d,0.008568325181570637
ck_4af7b97c24d89a45,0.028587472368995007
ck_295c0072eca7f7a2,0.006757599187548018
ck_8abd1a50a9227463,0.018757382546673924
ck_ecaa6f13304e3dc5,0.007001552750543022
ck_de436e7b319be1fa,0.9867092384739942
ck_c802cf8f61466027,0.007623802418511158
ck_3d83e0a3c1cfbf8b,0.008815559969336485
ck_28d2003c2d16e4b6,0.001181986383870281
ck_8ddaf745bbb9cd62,0.0014000849833758823
ck_493b6256091014cd,0.04850101803861078
ck_a2245822cfea997d,0.025308190033944966
ck_f7305b3c64cf8a03,0.0037086764970768664
ck_9937dad93a0ed3c1,0.07197486236162903
ck_d654449f9231ad76,0.006607400935336147
ck_850e2b59bc535490,0.008270627653593257
ck_e55e5bdfc0242aef,0.026057776218254662
ck_d35c51e981b98c5c,0.0030251449422978812
ck_27cdf9c5e6f0915b,0.014518377575495166
ck_d328db1e1052d820,0.010218791104339972
ck_0ea30eff5f361cba,0.058077106887811064
ck_9994323f97109f4b,0.9892095937192806
ck_09054e97bdf9624e,0.008476145576201083
ck_723b4afc388113c8,0.040534469428145835
ck_588f6e6a6a6d93e8,0.017839274934391677
ck_e1d563fab4d6116a,0.02140199019407693
ck_53aca610e20598bc,0.008985781231542474
ck_c8131ddc7ed33448,0.0067308687733262365
ck_899f88464305824a,0.01976264105560609
ck_1c17c65804f8889e,0.0017382847059368362
ck_45a16ce12893cf9b,0.01305273626195044
ck_f9d481aa4f9b2808,0.20215075372602923
ck_1d5d74169cf892ef,0.0034984707108177897
ck_aba32acb61c1aaca,0.03135648719287535
ck_ec4dd3675a8d28cc,0.010320203640290668
ck_5dcd443fe0bbdeac,0.006862278409217143
ck_3a47e3f54475e854,0.00033981176338887634
ck_a9aa5c344c315532,0.003928915600967012
ck_9652283c9f61fcec,0.0035182661082029357
ck_752dd3d2487f78ea,0.005906194728151331
ck_a821980ac4db9943,0.16192069783437418
ck_93e0d6befb67f7a1,0.02508891616989619
ck_e7a3881c3e36bd51,0.07078785259475029
ck_12631b78f8a03df2,0.002581644534726591
ck_57b8226610b48854,0.006030050975006351
ck_352657008983fd4b,0.08761747752465686
ck_0841a5c24fd3dd28,0.004853616036272325
ck_db9b9d5d30f74070,0.7067644889184994
ck_a9dded7f6294e44f,0.04947121476161505
ck_91a16336ce3217dc,0.013016912547071085
ck_371bd9388b287677,0.001709336057728974
ck_f285e5e1912a7c62,0.017814876117860663
ck_368b65fca69fc415,0.06323576498524386
ck_d27a73596b6500c2,0.006023302344616693
ck_2d963f9b2c4d11e1,0.041667223485266885
ck_7c500e219af39486,0.05000438365548154
ck_7d025dea5951cba7,0.023000261531600417
ck_32f632706608859e,0.0019366731344248203
ck_53816231f3ffb48d,0.014998115499903897
ck_9dbe184e81c1ca8d,0.04325794271004435
ck_d74123617f22a21e,0.04259304772920517
ck_275386782b1606f8,0.0004095968243142939
ck_0b0e79d33e50cba5,0.06929032492876425
ck_ba93cb604f792915,0.012777442461541404
ck_a86cd653472eccbc,0.012711255901121769
ck_87771861e0447210,0.056773037823723844
ck_212380e0371d8a6d,0.004928046070784638
ck_ef0d702d7b0ed745,0.002292664068021226
ck_2b8f33e22f939372,0.5813799185521084
ck_480347ad92037105,0.012171335821699419
ck_20124c3a16c53ce4,0.0011739833990924466
ck_c9e1e3229baae708,0.0070873219741809145
ck_b1befe967f7a5ebf,0.012219040831347379
ck_4672167d7c989bbf,0.11165677382350019
ck_f0c44ee5e3a42e3d,0.013455876967027632
ck_c416357d20238a4e,0.08010145689436361
ck_d0f470f8078c91df,0.015387261104945475
ck_3a70b4ee59084715,0.03396315931654688
ck_179ed66cdfc1ce27,0.002777335535373628
ck_387e5a7f163c7837,0.002087138076144655
ck_08fb463e69f647c8,0.9959600506556668
ck_732f725747393ec8,0.008559948727978982
ck_7cc5e0fa3ca5a713,0.009067406668989586
ck_ad4a4daa826ac68b,0.0030277407373650337
ck_472e0be7a3b533bb,0.017129268529906996
ck_7190177963eafdd9,0.007830056546518116
ck_647ac26c5900f082,0.00978768589671989
ck_272ae2179bbd8e58,0.0013189409820162485
ck_09b0d8af304646bd,0.001805685893682369
ck_ca0cc8ea9f344408,0.01965306229776481
ck_332ad134fb909869,0.0024144483110469833
ck_fca2798914627dc8,0.05012532275330339
ck_4450b55f462ae134,0.0002085074894663272
ck_d67d9dfb60b286b9,0.006480091110398565
ck_a9d2bb4f2bde7052,0.004334208730822977
ck_929bcae878a3ecb3,0.04900756390037336
ck_59a9e000fa275e1f,0.015051554848533632
ck_57f17254e2688637,0.03992803688719294
ck_0508908697f60ce3,0.1394503440665257
ck_946afc2943298d26,0.00016927094422359066
ck_7176d12b18f2cc0e,0.020606565458314564
ck_5c47b49c26cce286,0.005273087660031262
ck_b6a2bdb2d335e1d0,0.9962908261285526
ck_1d58f6caaa4d012c,0.025191213856860063
ck_71c917295020ccc7,0.007272477391731194
ck_bc89644ae3688995,0.003683654791470694
ck_e7c212f16d6df272,0.007119567095391657
ck_c6d2e11a368184e6,0.001867019904782332
ck_eed7f1f7548df15b,0.1208265048975947
ck_75b69034000ca7bb,0.0066900303780683
ck_38da3bf629458682,0.001275736894815923
ck_90114c891239d821,0.013257586505437183
ck_8ee08f6777cc155b,0.006893595557770241
ck_bd86132499defcd0,0.005885507492969654
ck_b95fbf2b5640aa82,0.0018742128117689653
ck_c530235393360e3b,0.015258228529966627
ck_be52a7ec43241ba4,0.09699593445433459
ck_d96eb3cc55f2772f,0.007000307962004929
ck_dd34f0a844fb115d,0.22922339427057056
ck_17cc7b411f448e66,0.08448174114682812
ck_856ea65fa27d06dd,0.015777436526209505
ck_056d5f0301c30902,0.022788169726991325
ck_e662b14b2bab23a2,0.06320549859908504
ck_209f574c8d92274e,0.00511699137067014
ck_62720b81617896cc,0.004979382075527376
ck_041614694b77e599,0.003306736155032877
ck_461e3f7b97db8d16,0.0552915309045039
ck_1b74b798eebeabdc,0.00826337088203468
ck_0ed2739384f1d644,0.0030381286386452944
ck_5a4d19f1b83feeb8,0.0015106163645224335
ck_463937167965a1f8,0.011982359489339508
ck_9d7151dbdf100e0e,0.038052660181580336
ck_20a7d1ce6cc27312,0.0058342913924688605
ck_6031211ff118cf0f,0.009527048620757997
ck_a6fc92aa91e99b77,0.9081728732945413
ck_0aaaa9d2f75a0518,0.03756375693752177
ck_ec26e327cc1848b2,0.02018682214613823
ck_0e6bebf8ae9b9b03,0.008816531612353018
ck_e107537a4cb738f4,0.0007250732466574743
ck_e8ea56e122a5a487,0.0043224153882617175
ck_98149ed45d38c4d3,0.07820859856840341
ck_0e719b3a6906b8f1,0.001776173849825655
ck_0c6e7bd357e4a348,0.004324625615565105
ck_d3b2b250da61db19,0.9609026608280142
ck_8bb6b0a292754576,0.00726558335720498
ck_87d70f5fe48a6128,0.029229525823894428
ck_ea9edf9c107d429f,0.013119712177618398
ck_059806c52cebe4f1,0.08285307794388792
ck_a72d6df666e1c21c,0.006843501634108185
ck_1d2b80ab6c4944b9,0.0038788137769707473
ck_60557f077abc42ca,0.37579279293918555
ck_e5f5cb7dd6ce4a37,0.006105330623323599
ck_4c4a939154446053,0.0071337454914612445
ck_50ede3eb561a202c,0.0038481798679346445
ck_6d03a542922b2ae8,0.009523415234657629
ck_d6fe761ed0db3270,0.02325966595661991
ck_7f0cd6ea3096f985,0.03419690947222292
ck_23edb6d938a3b87b,0.037433490293498385
ck_799aaf9f2b9ef621,0.005246310376445238
ck_f8f6a03613b6dda8,0.0014140131525281132
ck_7cffb189f4f514ec,0.9942094339148706
ck_c081e1967dcd811f,0.00975381966288683
ck_583d6ca78c97d91e,0.4915606092520973
ck_9332bbc7125219a7,0.007562008040375751
ck_956b5af6d7d86c65,0.5530899667301004
ck_2d634e3f24681c0f,0.016249602265553477
ck_7b35d218ed0c5a60,0.003676374853373033
ck_ca5b1057f8248f73,0.01588806713974486
ck_ec5ea81cf813597c,0.00359675826783264
ck_eaebaf4d28400fb8,0.010157622818040528
ck_ae2ab6be219219aa,0.0012722084255823072
ck_d99a8b4c820eb46b,0.045487815030367584
ck_bcfb7ffb7cd428bd,0.013872087551386155
ck_3dd542c2d31be2c0,0.006446799812780918
ck_c7dd84401e29a7fc,0.00381080200784213
ck_c4bcc7cefd40f8e2,0.005619273287153163
ck_c251898b5d51e3b0,0.0021632535384217707
ck_36d37be780c1291c,0.0004951682398247329
ck_99b4f266b61ae7ee,0.014361168540307057
ck_c37f03995f0f0169,0.009088323654948717
ck_65a23ac8e44eb901,0.007126466875700088
ck_644b1c1149eea9e0,0.0129849245096298
ck_9cf44eb0237c2429,0.036195834934436996
ck_20541686a94fb71c,0.03251725146314008
ck_c18245be844680f3,0.025814845899566227
ck_56de216eda6b7fa6,0.005574609147497004
ck_406c4442dee45cd1,0.0012979443443285295
ck_df1585c7d72a96e0,0.0035824784212557265
ck_b8e8dba20676d87b,0.014770583740785465
ck_0ee6965e68efc177,0.005011022424210771
ck_c2a5c54ad8d0d297,0.023879365401233647
ck_bf6fb7e6470e95cb,0.0035148249071554906
ck_27fa694569140345,0.0041903022115388116
ck_e04166b0ce66393a,0.007062212337631751
ck_8742114f4f0cb22c,0.08285304677898704
ck_6eceeafd56b42576,0.2813655936047525
ck_34f9951b0eca1965,0.013100963768966982
ck_384ccecd342a24ad,0.05070765045773786
ck_49c98bebd1338879,0.03708696460047478
ck_6c26c12071c91ff6,0.02753164622508788
ck_01e5986ebb9a78f1,0.03249441170036192
ck_121db7ba3be29ee8,0.02095296923883163
ck_039e6d5a330cea1a,0.0479141535012149
ck_ae8c9163cf957d7e,0.009538176785801013
ck_3f5e8f3f1df0c8c7,0.05502501447564524
ck_b1c51fdafcd80122,0.03796210168719308
ck_12e2b5ebfe8986b2,0.005190865829482716
ck_d55eb81a4d543c59,0.007425350641035516
ck_f85155ca5c312c7b,0.007245376069275069
ck_133d8a1ac7c0e301,0.9954779076222194
ck_04212a9bb9b28696,0.9997236131879745
ck_4cc11c7d3ca61f73,0.03222032970778535
ck_2df4854186ec515b,0.00505686411139581
ck_aa9b28e7fc43af79,0.07557744877616093
ck_47cad6c3def4c9e4,0.012882395071777441
ck_fbff7b5da8111567,0.0024871632812536572
ck_bd25ea782e375b22,0.015572052830506562
ck_7989376f8cf64a9d,0.026079644772614947
ck_675c0ca1ebb1051c,0.003486018566172561
ck_1436f6e11d4008f9,0.006345435077971
ck_812cb3a4482cc618,0.004702301919156028
ck_6e606f73a1094afd,0.0046244701515528305
ck_1b708e2a4a0584dd,0.0110654809612753
ck_a60d6b324bae0330,0.0034062071515423664
ck_706a4f673a9fda3b,0.1847052115214981
ck_a75ece9a9044eed0,0.010878580172344117
ck_9aa45c4e03c8c57a,0.0283432499431817
ck_9fe9bdce982b312c,0.051746304396747975
ck_c6fbdc5ba68a8466,0.004830810518928087
ck_ed0cc1b1c28f9511,0.13859768930341054
ck_a4e2607b4c8021e8,0.006073980432172924
ck_e02f93f51cc8caf3,0.042589068200057166
ck_7084ed3cf20781b7,0.004894270424892372
ck_cd4c63155570d6ea,0.004808735287820582
ck_d1b9e5d32d2d789f,0.018542418128150984
ck_68f56f6560a7a933,0.0019000354847280392
ck_8bedacc6233c6269,0.007500849270579955
ck_ab7cb50407d6b13e,0.014184606964027872
ck_f17ed7e0fd687742,0.06445932534962245
ck_b0fe4b92fc70f72c,0.012977201281213494
ck_84d62b8196da2452,0.02853151089639169
ck_9e298cae167f4693,0.0003815073228026808
ck_405b20ef9ad0ba5f,0.09251171497706366
ck_813e02e1ababd177,0.011860926806277407
ck_f234ab47061ba7c0,0.0024604110476189583
ck_22b587c18363899a,0.004103244908660415
ck_4e862c2f48c38aeb,0.08327053804319716
ck_b89cb90a420c9075,0.0036925875190911444
ck_be2251640f27a3c9,0.049077979816898015
ck_46bec0bff167ed3f,0.04046941269078794
ck_c0032232c2868328,0.007259948742869144
ck_030cf09525dba4ba,0.03029094620807808
ck_6ecf56236789fc09,0.9798005509209305
ck_38d4ed52cbe6d123,0.023834799681801723
ck_2d923d957ffd4d53,0.0061263694466505165
ck_3af1eb88728ed8c7,0.011881085425522997
ck_2f8120ca80a1592c,0.007655851370030936
ck_6cabb1a133f0b151,0.0090308558394705
ck_bb6cf7e7b707731d,0.39190656157139847
ck_c8307fecafa90140,0.0074531846563280196
ck_75f968be67f46d24,0.011035535381165541
ck_df6fe4ec5a233213,0.010541133173576103
ck_b53e88c0e927d896,0.004336591609707157
ck_f0093064aa28f4d0,0.03158676427702214
ck_ec9976cabc63ff92,0.009825948075618537
ck_30dac0a58c5590cb,0.10094810444291695
ck_348a525791ae6475,0.05355856370290348
ck_b898d912d1181ef9,0.009803099273049197
ck_f5b1200dc6f95760,0.0358330449149276
ck_54978a073e7a0b1a,0.005130299755616031
ck_55933936536a4071,0.244688736421359
ck_d6ba7ffd2ae08863,0.003545272412142492
ck_404e2217fd87fdd2,0.03404905011903636
ck_dfaafdaefa5716b6,0.019106188988587812
ck_556c62e92d4e7e5b,0.02449385532478528
ck_7ce44f4e06d58111,0.04793159133368435
ck_465cb8ce232c7670,0.19723424427934816
ck_237508ca4fb37268,0.017351655826345326
ck_ba4a6b9aa63964ef,0.0070787170363028505
ck_4802a0a7a1882c88,0.03104539564454902
ck_9478dfe4114c30f6,0.0057731752501003685
ck_5138f6c575dec64c,0.002870640208174102
ck_aebb42afe430e2e9,0.0016234160777136323
ck_004efa95555437e9,0.0013940339319016804
ck_11af112667c98394,0.007381717956024347
ck_44e9a18a8645c9d3,0.03154125316203045
ck_2605fd571219e28d,0.006459432950135996
ck_dfc933493561d84f,0.01233372942924085
ck_67674348e68d1f25,0.059500025528846937
ck_dd97429277a2fa00,0.016709662097771468
ck_d3eab7a06eb48348,0.05444504140015095
ck_0b9fcff9667ec05a,0.0019437676737554255
ck_fc4bfd6e739bddea,0.026539987994988568
ck_43292f70a03ddf2b,0.019456764195062832
ck_5ff6108056a3fef5,0.03392197460515884
ck_767e0be086b5f601,0.0248474635727567
ck_b8465b1a5666155b,0.022172012261690067
ck_ab2e3fc56f5b3aae,0.0025823239558286507
ck_1833c81d693c1e07,0.8792235613867545
ck_0308e0602b856445,0.006471801872423491
ck_ccbdfe744acff8bb,0.00346644060403884
ck_b294aa27a0b586d7,0.010571565347640175
ck_a3747201f377626d,0.9982715947365913
ck_edde1d7d1db24725,0.015743650471814388
ck_ae3b47d6e1063704,0.005529648095809029
ck_3aabf5e0f4defb41,0.02692787793963417
ck_f034adb57391f3d7,0.00808409498734057
ck_533672fb40531607,0.10426997950255672
ck_2a244f1ae08ef83c,0.011208089906687804
ck_a35d81bcc54ece2f,0.029519693524980645
ck_78a61215675b38f0,0.011049010897169012
ck_e013d88ea7939616,0.011232455132366386
ck_e5018f9418e0102e,0.0538598894643021
ck_d4e024fcda401a31,0.020247114596275748
ck_f736cffbdb82db34,0.002814576497480021
ck_1507f5aa50cdf3a0,0.0052061894804631996
ck_18270fee7c8fcee8,0.00016727664792745795
ck_95ffa1a805a1c9d1,0.016736946980961214
ck_11132d245b94d045,0.012980760691721853
ck_7b93a622e40d8b14,0.03249441170036192
ck_3854c08d17704347,0.04480087763026146
ck_7717fcb100dc4b5f,0.016842680048194173
ck_ba54e0a1c328119b,0.5534937191321401
ck_a7afdac4ecbf2de4,0.1552542289956348
ck_ecfb771ed2352085,0.005144639653277996
ck_68be4fefc85a6b64,0.14573201625316234
ck_dac7c50bd6d0148f,0.00456702308517819
ck_87cf36a03bd63c24,0.14251654590931162
ck_8adb40b168b59d7c,0.01418291416184667
ck_8d2f62930777416b,0.0400076215002529
ck_9958b58da9e3c21c,0.01290686704931412
ck_9440335375701f44,0.01469874889541883
ck_e2f88e202b6f700a,0.05557674207855654
ck_4c7c50684827a2cf,0.03532855963166017
ck_8a6ea4a79b1c7a8e,0.008520074332204204
ck_186dbff4b24a3bbf,0.1533568926649426
ck_220fda3c11c59b6c,0.10494834654007976
ck_3acccc69f8b1fd14,0.021741648150928213
ck_9de191bf79afd676,0.008105345504209936
ck_6de6b1663f9457f4,0.013850852594573146
ck_062754f8b79b86e5,0.005903679113081963
ck_aa153a89a52f7eb5,0.03249441170036192
ck_34a6bd3be642f15c,0.01511496419425033
ck_9371c700d9830326,0.015856508899846012
ck_a99e0c258ad7576b,0.0024673619437771727
ck_0a7ba51d626e932a,0.011192684294692121
ck_852c50bbba1ead13,0.16967698613102872
ck_43dc13b6b6d31297,0.09848014242348879
ck_7d81b59d615a6649,0.026612994879588386
ck_39a3f1da060e88bf,0.01848343912600201
ck_6fb2d142c09ed3ed,0.02232921077848946
ck_6e5752b87324b58c,0.12514961005311992
ck_9441d48a12e8a4bf,0.025759465696752398
ck_09e9c51eb538b255,0.0546345119864873
ck_8d0cd981ed3a183a,0.01086544125522812
ck_57c07c45269ca8c0,0.0014129486474655198
ck_ccfc9ab888ba933d,0.10234157856348683
ck_9658a6ef471053f0,0.03392160234340234
ck_dac3852758f4ea89,0.010399342976887731
ck_b1ed2278f5f14d82,0.02741657439853276
ck_333544d173524f70,0.05376518964546259
ck_fd4582e3853ef23f,0.00507861983310153
ck_614d936cef98db04,0.004772225546155994
ck_6bc351a3d57aac54,0.006781206040961408
ck_af5842fa7202ff25,0.005056099272558421
ck_81307759252571be,0.005759145890061461
ck_b4d2f02d2cd45720,0.14535442569469273
ck_1bd753a4681946c8,0.9860130470190346
ck_46d8c029d46867b2,0.003510933636475861
ck_b7da6640fa2f49cf,0.11382543440468315
ck_9ea3d5a5a91fef9f,0.1439069828733845
ck_7b922518f667f76a,0.00184295366900991
ck_2a5b31594206eb30,0.7425952481010913
ck_d9506476ad3f9e08,0.0026366037690170453
ck_c8791f7ebd4d93c7,0.016715740710854313
ck_b5a3e20fd210017d,0.02077619420420567
ck_8e54386f4fe22cad,0.0037383313951077413
ck_75296704f5806f56,0.012644390387074324
ck_0fbbc7a6af300368,0.009962727569488532
ck_d19bf4dc0627113d,0.0140548939137339
ck_7951bd4eb99a0175,0.008023450781313765
ck_059e4fac6b7f704e,0.0038095488615650704
ck_2ce8931af02a2ce3,0.004707627883958211
ck_9e665618a4860306,0.01578373294770989
ck_6fce5a893613fd2c,0.0008293023638433156
ck_9e3fbd04e3532f32,0.5654954548550141
ck_55f2ef0de3420e3e,0.011624668521413473
ck_8d87658a6f5d204c,0.614779521541432
ck_6d6ac1f5dd882aa5,0.004615448726853868
ck_55d0c7012d7ef236,0.018052468469776442
ck_7738eb085e5753d6,0.00247317879431848
ck_0e6e05c3cc8c8242,0.004400884795359728
ck_8d27ff8383d48132,0.012309822044970725
ck_9afc3bb849f3a64d,0.008030716891322894
ck_27eb86a9898cdfe3,0.017924159379713863
ck_1d40e4fc541abe93,0.05158450169491133
ck_4fd9dc00e1913587,0.9835191459844571
ck_b26cdb2b7b165d2e,0.006627287961164643
ck_a79a27767a02e31f,0.01845626005992247
ck_f0c18cb9f951a71e,0.019405398211760693
ck_50460e0189de6274,0.9351052556009086
ck_5e5280539257c986,0.004539478444318279
ck_eeb854318b3a6f0a,0.005148645916336047
ck_943f66f28dd24750,0.0005549651551117775
ck_984dd7452aee372d,0.024018412483919848
ck_ecaa6de0aca5e9a0,0.0020406243667141274
ck_8f1cbc432e2774f8,0.004714092143884745
ck_d91d9f8445b9769a,0.35998452763038313
ck_73c18e03e3c7612e,0.004774169568484232
ck_aded05ada490da20,0.006652720365485825
ck_f744e208183971f8,0.0016077110531198323
ck_02d4cef6358ad3b7,0.030560623720093924
ck_08ff5bd467226a5f,0.00868583794306975
ck_f824b326d5089885,0.12151942164558621
ck_3420f2fd520890f3,0.02774839103939187
ck_1838cf8d00f5b1e1,0.01749701986795396
ck_a85182ad90b6f1e1,0.004440714859204039
ck_fecb39c82c43e76d,0.024290393456750072
ck_162513e73782929f,0.003697729270454435
ck_2c27b77c59d8f23b,0.18700423350253847
ck_4221e07b17388fd3,0.03987859449125645
ck_adfb8472d5c3d669,0.015771083950638837
ck_0742fe64055d686f,0.023473068476925436
ck_5060aefcc8b6f958,0.016426389734287616
ck_643f549b4ac78a26,0.46027634177574733
ck_dba767885bd6ad69,0.009586886210767512
ck_0dda35c0c64c7073,0.9976409638061415
ck_38ea56d43afa5660,0.01620355231473643
ck_d813e15ac91f487c,0.11007236912064441
ck_4c840e5585a7b167,0.14770630899768894
ck_cb8551453a7bb929,0.04059617618467345
ck_05a00b1dd5a03359,0.005700695046425576
ck_837cc7fd48453a01,0.0054615759082680395
ck_49dd816b31fba6b6,0.32809154169829746
ck_86a61d9a39768e87,0.024952029829337002
ck_cd0e76f0e7bb38cc,0.014703173975256141
ck_dbe58392635133ca,0.04863875209235769
ck_3caec7dd6f8d02c9,0.017814023606747217
ck_bfd9bfc5b6ab4a54,0.013634634523128165
ck_2103399bdb2898a6,0.006747224199466844
ck_329f7de7279e74c5,0.004229197557736015
ck_9bf0d28119fc42c8,0.007278276669541539
ck_f781539b1042dc83,0.04353278815598196
ck_9986c7d781ac6b4e,0.007535828625117141
ck_a627734880aca848,0.002043765209712248
ck_2106e509d77fdb4a,0.401747001197035
ck_420d1a9c604293ce,0.006258536095700517
ck_fce0610c527e2b56,0.012501968937906907
ck_073da541ec3f9d3d,0.004460730434405418
ck_aa5f3ab48c17fed8,0.09332299360031232
ck_0fc1086e1c9e04b6,0.011048971033394946
ck_5c33bb46c1a5945b,0.008749020705486058
ck_500948a8d4bd8e13,0.015327988737303413
ck_19becd44f2c3d2b5,0.032016400996652754
ck_7d0fe77dd5ddb656,0.008267815402797748
ck_f158d9e5f101bb35,0.010177782583549266
ck_cdd7c77823c2257f,0.04467610810055393
ck_6c7b41374f9b2e55,0.004602969673453564
ck_417090dbffb1a63c,0.006394700695851406
ck_dd0e17605f970319,0.01134989888564897
ck_3646515079e6be55,0.011537516388870697
ck_89c8b06aa8c84b2d,0.06266024565319454
ck_e4d6dedd97233c07,0.024570129530517276
ck_bc82fb1895fddde5,0.025405125718897043
ck_88a8b1d442ca3686,0.008468273975778986
ck_5791f8f76a629a4f,0.03779889854818677
ck_9cf5e88e97c8c7ea,0.016546532430253984
ck_58fd684aa5a6f289,0.0026026093647268864
ck_9800c21dfbd8e811,0.02953246500126329
ck_8ae64df60ab6ccda,0.008339509840957205
ck_e535fb0f0c00418d,0.0743122765778093
ck_48011996d54855ac,0.025798139461000343
ck_ac79c72a8fe3fdef,0.04310509971179518
ck_b8cc2df5192bc49b,0.021964631403537813
ck_e96a5e1f08f8a867,0.0049432842787919306
ck_84df6770549e43fa,0.00044061762822151883
ck_e5f7b99ba6ec5767,0.03218620753377111
ck_8347455ab53ff620,0.002604213638843513
ck_a84f2cdf695a71d6,0.0023343413350016677
ck_90456160115f9ef4,0.007706542652656685
ck_ebd178b3f3a9c50c,0.00577738015092041
ck_e1140be6157bacbe,0.008248691445189284
ck_744ffc11d32b96bc,0.009601122711545644
ck_e12a9f7d027e3387,0.0013648103282817856
ck_cbe525da0b69f18a,0.02828192704178216
ck_aa59702537557ff1,0.39014237391798245
ck_0348cc6908f7f3af,0.0011156030268115972
ck_120e995d50956bee,0.029502735283961117
ck_9fcde1ff46cbbea5,0.003087766740807408
ck_54b0b070689c50d6,0.0038652566764897753
ck_966a167758fddfd4,0.0690549994026946
ck_d5194f2e92fd6427,0.0026804296423259795
ck_2ee84f3fa27f2cb8,0.00035211445292252614
ck_57d0a7eb7eae2eaf,0.015782052140598895
ck_6a2c4edd82e10969,0.0029091339992353476
ck_96e4d38ef670eaff,0.0028361769238445635
ck_52cc2fd5095b169d,0.015112755912502194
ck_4b088920f3a844c1,0.03249441170036192
ck_8f3ccbd20d59f1f4,0.04864413881783478
ck_e5e5dc431bed6f9d,0.0021287390509813903
ck_e8b5bfa6838e28d1,0.007137323840330103
ck_4bfeb78b47b7c6a1,0.017128321277418982
ck_a705c61bd679496f,0.01962417726411184
ck_731869a0c39cb2fe,0.04919753535871404
ck_259eb102342057ea,0.025636601448327915
ck_47a6005fabc33551,0.03919034670608043
ck_682262b455a9edd4,0.007859205520182945
ck_e839d104854945f0,0.001112562211131715
ck_761989aa4c47d746,0.008802136139224153
ck_44211dc210139ed3,0.09796364203174161
ck_9915ceedf63a5289,0.04924457663696725
ck_da59ab47cb6284ad,0.011410343905800235
ck_e5cdbfcca2456652,0.013781336553139905
ck_13f2560c6a1ec62f,0.009865259398948622
ck_a0543e9b3abe1001,0.10104752918895
ck_11c7a58e09e6547b,0.02092187062089259
ck_69587a134d43a4ad,0.23733480254205244
ck_28dc0de0ae291f37,0.01592925066062368
ck_298922703c5bbe05,0.025453883350919276
ck_fa5ba9ed9ed6a343,0.01548295947794099
ck_c08e64d424e56c05,0.030565906457990427
ck_598e036a28262aeb,0.02979380306625082
ck_3f7c870510083a51,0.013881852893924176
ck_364f8203a3e98d36,0.20137241304036907
ck_7333cedb61506ead,0.0018105448006545527
ck_1d96d7fd65f208b2,0.010391118501931116
ck_63133a79f23e2627,0.009550000177099859
ck_901d820e0b72abae,0.002390054929085107
ck_5dd80b3c01457bd8,0.008856033361277766
ck_c0b8067c144ed6c1,0.003707782390206972
ck_cebb8aa8c8f62c60,0.032778974225893875
ck_79749eca42ff1f5f,0.009217002055081141
ck_2cc1d9b587f6da31,0.1550524939884568
ck_ccc7916b56d42195,0.0030950566240921136
ck_e43e53cc7b8b8e41,0.020382110944803508
ck_4ab74a6e7450416c,0.024415420135515738
ck_6e44024e9de301c6,0.0025833379079672736
ck_dd78cb6ae2866cc6,0.004046872544162594
ck_c363d3b050baf3b8,0.1256190355959653
ck_2d46291975f0dd08,0.009475941609516085
ck_76ebeb5aee42f041,0.03249441170036192
ck_8395f004cf4d4c08,0.0004148846279624256
ck_de7259c3741db179,0.01444098059767427
ck_3938e92585df2b34,0.02501142232607631
ck_af69bfcf4f07d932,0.005703750747122233
ck_1723900ab9afe374,0.06878832618578264
ck_3d58628d1c853c8a,0.017598486732746672
ck_12a074db100481cf,0.04779193930159601
ck_8716cbf892c50e29,0.0012396807678616041
ck_fbf7351958ad9615,0.0011837450723804312
ck_a50370907e6b397c,0.09843714600249051
ck_937402a60df0821c,0.00859473974870635
ck_8ce9c5807acbef48,0.0027614506296100238
ck_acf7d65eaaa4c31c,0.001978171748955707
ck_ec3eb6dd0967cac5,0.01365851863307317
ck_fc832b0c90c9bdb9,0.3372235655145605
ck_8129e81cde280131,0.0025255275543797197
ck_52c0ef68aa2fb8cf,0.027089505249638414
ck_06f042e9b1b662fd,0.0558828660625004
ck_0bf35dcf7b38f650,0.015573746004981282
ck_615763afc2e17a7f,0.0012176692810489298
ck_e72db9d4b2fc9997,0.9761413629319399
ck_13757bf0eeb353e2,0.0028387082835789933
ck_abaf371ec8249c4a,0.03999529343278538
ck_9b7167da0920c37b,0.04240291080809831
ck_2e824b0b27494a17,0.017381396600841193
ck_9a0b605e9c3220c4,0.013671410139818914
ck_a5276af466b681de,0.00010909716240588562
ck_9e0383e1fb6e214d,0.03703095572086621
ck_6a27c44b691dbfac,0.012853573833782037
ck_af39767cf583905b,0.0077367884432171805
ck_243b1b9fdd3f9a74,0.005985080183182649
ck_c0422e638a9c6046,0.007312022605212596
ck_e0f3ea3373dfc4aa,0.0097131815155057
ck_d56ee1654378ffc7,0.0028362979475220233
ck_20cd2f5666719baa,0.001541375268552321
ck_4dfa1c1e9b69fcc8,0.004843542868626386
ck_5d22e9ca1d15180b,0.028305331284719945
ck_f4a7ac178fd55f0e,0.03372130906371695
ck_fd5609bd23a1eaf8,0.000729437554152361
ck_49c3bf13dc9471ce,0.005715165717677684
ck_724085c3452d4693,0.2113987934858135
ck_e5d1462846154a75,0.018048456798386407
ck_c69ef0f3e7d6acf9,0.05837576802493908
ck_a2d0417791d4132d,0.007089730505681181
ck_00a07fc2a9183c3a,0.0025811016549023074
ck_781b8288e54ba8f8,0.09251912530619985
ck_d74a62ab3804a81b,0.0016251112129822029
ck_abcbde211b6267f8,0.016403242649255738
ck_16dbafc035574654,0.0016667584099881482
ck_018f780215ecaf38,0.007774771662805182
ck_0b259620eac51618,0.0014629637855899246
ck_4f875342394c110f,0.024617744530961997
ck_399e45e5fe9beaee,0.07577987769264503
ck_36224a2d394ebfe4,0.06136023047676517
ck_c189b551bd111332,0.004652467355445469
ck_125c5a720ecb177a,0.10406219984533946
ck_76d010aa02eb477a,0.008307856089035318
ck_1071d14c46c92379,0.3927227339672478
ck_61d244b2cde483af,0.01392838670190686
ck_2ff1860da2004c84,0.0021354693127268523
ck_c5b583490198672d,0.007924767099959122
ck_1294f7af22fade11,0.05029542086352578
ck_e3a22799716df39d,0.060510114935455675
ck_c77e22834ef97005,0.2526949569844214
ck_73d3689728270a2b,0.010783720998124259
ck_295565fbf77ef885,0.01744299669765761
ck_80c0a7f54ff4895d,0.004750540613954098
ck_f1ef5cf7f10b16c8,0.010184725515801667
ck_a958b2461ffc21a2,0.17447265385022778
ck_0e7899a57cd617d6,0.01666397840752895
ck_9d4fed252718f58a,0.010715452826120863
ck_83c2c34add971d76,0.020877843220813336
ck_9ccc030ba2de9fb2,0.04023053318630748
ck_cd691e3466fb3742,0.037403993246801936
ck_49df70f908dfd069,0.050842159109577546
ck_362ce13eec1e33a0,0.015286667282886324
ck_2452a30397dfc54c,0.0019472716402290386
ck_a443d49c2b4863b0,0.017338039311739488
ck_c8b2e2cb349dd0ff,0.020021542751777918
ck_354909fecf5da8cf,0.007043951695869789
ck_841f598bbd54c83f,0.036428764768698246
ck_cd6fbd4e8724f994,0.03153798346305366
ck_e0b3158111370118,0.009831147290602818
ck_4c2f2eb657c2c60e,0.013962658397442682
ck_ef346071f0b7654b,0.004031567428518396
ck_f3bc10e3decefce4,0.012115489408484061
ck_189b6fbe9b9192e7,0.003878118361547525
ck_5245cbc5ff4d4fa6,0.001104049421226687
ck_cb42e3be6fe87f60,0.06766812284206254
ck_966d4d713cbc7792,0.006863577115603554
ck_1c8c969667cbaab2,0.9382583831870748
ck_d35e3aa9ef5d405e,0.1573570645719929
ck_a1c39df50a5873b3,0.05935291832261044
ck_a152165caf295b51,0.01205920089500278
ck_891eaedae139828e,0.001241699027153329
ck_1a46b56f4734d52e,0.01650206830996332
ck_5e36042cfad96c99,0.2706024760347348
ck_02a8582c2603e675,0.003202996530876882
ck_6def9d0429e4ed4b,0.02837288932442934
ck_e137400825a1e3e6,0.017520743352483055
ck_d91ab840848a54fc,0.003114554927626328
ck_becb6e1c608e0078,0.007149602115938559
ck_6fd8c86ac719d7eb,0.06779496380190064
ck_3ed4d13f12fd9d0e,0.019968918236908526
ck_007337aa99a4891e,0.0036310673985675535
ck_60c3d8306527a08d,0.002110006973526159
ck_95458880a54df0b1,0.052151476160505646
ck_b48cd8593533fc1d,0.2131040309983411
ck_021c6a4a7e3f1f0e,0.010013277545145714
ck_764d40f865e710af,0.035525278630009226
ck_4b84357ae8ec7777,0.014204086448191216
ck_3397c7856b4669a5,0.0026626447827010147
ck_920bb003b42e6310,0.000803008377515303
ck_8f59f11b512d5b7c,0.018733469689663138
ck_a3acf4b986afa98b,0.20314416472114113
ck_e89d25ed7bdeeaea,0.013918446928158013
ck_70e6bca473bf6902,0.003827185312182483
ck_186161ce152836f5,0.0013469928681218064
ck_9191579254663f5d,0.002944098126684607
ck_1e6628879e9d653c,0.01223647437920125
ck_b498fa91a0776ff6,0.03659513926583279
ck_cfc2384f22954830,0.025519422713381135
ck_17673a1c2867888a,0.0009124379857665807
ck_523dce06515b072d,0.006793351255443725
ck_c20638a325ead2e4,0.006099614589809335
ck_d3877e1f907cc148,0.05588998462208304
ck_e9a2495dea8675e2,0.006624290558531343
ck_7e561caa5fa1f3f1,0.0176957507916702
ck_455672e652fe1abc,0.839679309134846
ck_7f8f864fcc90ca82,0.021728477111260577
ck_1ad36046aaeb816c,0.004745841514402663
ck_de056e37c82e8e00,0.007591234337073629
ck_7484c214c889fe7f,0.006354968795964782
ck_32430e678c4f9f53,0.004025599463514478
ck_6276ece8f80ea799,0.02171195465588318
ck_ae8e5dc4b725bc25,0.016254503115440907
ck_f01be92dc78a2dc7,0.02435464042588186
ck_233397a8bd40d38d,0.0022789981902098114
ck_f8124911450fdf31,0.6351607763194961
ck_aa0a3179f1111674,0.000894843979936047
ck_2366b29ed9887a5e,0.014546741717410603
ck_1f22f04dfc08cf27,0.0040237810265751316
ck_b62276c3426d680c,0.01115231532676176
ck_d099fca88691f66f,0.014920945160762047
ck_166bd1dcbaf4d6fa,0.0074372892340962915
ck_7b1660e942436e12,0.009516808016082224
ck_4a9a791a1d409a3d,0.024102386124039532
ck_b003e5b54df65db4,0.008732216899271715
ck_64b4dcbf436f0b75,0.006415416260099261
ck_26e9a7bb2061a58e,0.06857358953465217
ck_08b77ad5f8f73007,0.0016495243207460418
ck_366616a725afc6bd,0.014394357177291511
ck_934fb5064b6eefe2,0.001368280744872976
ck_c6abd5d57b1009d2,0.010618653737107044
ck_edcfa9e1cf29d813,0.0092098252548271
ck_c30201ebd003fdc7,0.0010812925665597444
ck_c54643d94d3ce355,0.009837669718407998
ck_02adda6e91e49650,0.015267682388976245
ck_5b73d7c5255e58a3,0.15955266831453166
ck_129ffae92dc01408,0.010957713554090321
ck_fa321945ebedb916,0.03832421672831038
ck_8da980cb2e1e2bfb,0.05768146442059041
ck_0576b00d728bdf19,0.03250988638953876
ck_c543d82e22b3c8a5,0.006108917788997097
ck_0027ba644f9ae2cd,0.1795033448243149
ck_8dbf61df902a6bbc,0.004141706709211363
ck_90eeca1cda79fd41,0.004102792679655139
ck_86d7127391d4e01f,0.0014219788066499417
ck_73762038c7ff2f6f,0.01157343843654383
ck_a1484e6215fac651,0.8569508757241695
ck_cb83b9f806e90dc6,0.05483819062566068
ck_8c6f059c95872126,0.003031132009566809
ck_3174419a81e7caf2,0.015440315866256979
ck_6a0f8f8fa4a3c2bc,0.010004977991479437
ck_b5777605668bfca1,0.006985864034602199
ck_27e4de495abb4d15,0.0099157600055961
ck_7f6fa79c7a107161,0.006806157625841099
ck_c36ed9f8e6792ea4,0.015142761814264424
ck_67a1aa88d2ea554a,0.11119485269661773
ck_09748dfe4df3d540,0.015267758293927477
ck_27fd85b1e38b675a,0.0072009515739614605
ck_2369689bd795ee10,0.0036129652891676817
ck_4eb1c12f7d092bac,0.0017876336961232908
ck_01fbafc42c8e33f5,0.007750999479056237
ck_93c4e05699b3b7d0,0.00017290138814217486
ck_afc484d1b6907983,0.000879635939836461
ck_1b2d9cae92a1aab1,0.1448889168163696
ck_73b729cb161487f2,0.0025894817597206152
ck_fe3c1d0ac090d960,0.1635605175828233
ck_408efac1d3885ff8,0.05968055603474462
ck_ccb4dd9d0a48a76e,0.0031513363792241454
ck_2987eab34ca7805d,0.008186003352657088
ck_1dbf1f15193197db,0.04196596614680334
ck_4ed711fe4053e74d,0.05715180282817924
ck_6c54adce174f45f4,0.00870539603600081
ck_a6c740041faf0bd5,0.0002359515731553452
ck_b05c4d33c4f43639,0.018995995072115867
ck_032880f1114dd51c,0.034263782572152394
ck_22311b037456a76e,0.005587184279169553
ck_5866b413549765bf,0.0034879694421428445
ck_0e808afe2570ecac,0.011562424288735855
ck_634276b05f4381f8,0.005185644317788374
ck_5d8773badd0d4740,0.006319353732709732
ck_82b5b79ce3517102,0.9524122797775265
ck_b378b8d8100ee4b1,0.013897418137167265
ck_54e581f71be5430d,0.003288813724436609
ck_798ba4b8aa544fea,0.018363882359821535
ck_3fe86b6331ff95e3,0.055947302978924224
ck_81275d9d4c559e6f,0.014397597581852295
ck_99a4e5ef02d89493,0.016178402981405805
ck_54e2eb018d947790,0.011806902308860247
ck_966901ea9c77cc02,0.002555504962770208
ck_27d69ff4e0cb428c,0.17095851383125835
ck_2cee2dd7bbfc09a0,0.5659838605039178
ck_4136b00924695ab4,0.0011426073063259413
ck_59a164c40c03a45f,0.01875880050005849
ck_3e24b026bc66789b,0.0004757348347172807
ck_8105bcf69a75ee47,0.005851262528163382
ck_7a1782cefe26a456,0.23891920845382872
ck_970c7dc195161272,0.00269721616068788
ck_a48ec0c00ae20e82,0.06656198079856135
ck_54b374ade34e1dc1,0.006503817152573473
ck_74e5dec189761d14,0.01065431698889526
ck_4717f24f2c6f40e1,0.07190165428121004
ck_fc8cd8a8209e802d,0.004498175495353113
ck_71db4131d7efe218,0.08280363647759412
ck_45424ea6f0bc4650,0.1436005253502674
ck_3716c6181a5035bc,0.008307230133106601
ck_26de14b96bdad4f6,0.0019666605659717806
ck_99c0a41ac9c73857,0.0011265634514333559
ck_645f15bbbcff3b4f,0.9840063677318369
ck_b7e25ddd41514d4c,0.0029272154268806835
ck_d5c14e877ca7b755,0.008800738914394425
ck_05ea4440dac6cfad,0.006465763887191335
ck_c58bafff7b1955cc,0.009845523231088464
ck_f0cf85b67a9b840f,0.014479745611259164
ck_ce1500a7f0d03fba,0.008265578842981233
ck_d4972a775aadbbc8,0.0028779056185182874
ck_3eb6146c262e0fc3,0.006357868455878842
ck_afb23858a4ef42ed,0.9967491013674583
ck_2c1def5c91c52a5b,0.4811434300397726
ck_72e550559487b919,0.0002774640037624265
ck_0284dc2b4f856b3a,0.21110120286599623
ck_03be334935e999a2,0.1047905710806386
ck_e35a4b4a3cb4cedf,0.00240971343157458
ck_5abe57dfff4b735c,0.011718284487292048
ck_f5f87f772388efa0,0.013426766610217147
ck_5a22cb36d612236e,0.010731404220743137
ck_8ff1e6028e764472,0.915846889707051
ck_2ab28149b0986642,0.01741940677605823
ck_c88fc1bac79fa6d3,0.05099706440607675
ck_5b137d74bba6b1b4,0.0059334509185530035
ck_11f362dca2dfaf5a,0.006293788338905265
ck_7f960541e5174565,0.013353323547557914
ck_d5458ba39ae94498,0.013556165210964153
ck_0a921a73a90c2e39,0.02410797366614231
ck_6ad56ef40086dbe4,0.0011335606481195693
ck_b68199ecccf2350c,0.0029540411606032812
ck_6dac66c8198c07d8,0.007692390192607963
ck_9b9ce7bebc235fe8,0.01330995536626796
ck_6b817117d87063a8,0.005240976577926742
ck_900d62b3184378c7,0.005261929044814039
ck_eafe9b89857149b5,0.0031541886830154238
ck_e74716a525ee5b24,0.002479757886428968
ck_4e9a6f06ab134102,0.008044860624322062
ck_b0d33b5a3716661d,0.016285094360032278
ck_8703543bf3134306,0.005590399910137142
ck_923d6a0f83accef1,0.008181081413139083
ck_52e37e2170532e2a,0.23443722203828762
ck_c1c5ea839c58958a,0.012364132675264115
ck_660f0006780e87e7,0.07389195323039265
ck_830b2c5d1818ac07,0.011660706214573102
ck_b080ff636932d1f1,0.0034281440411073187
ck_38730aace405f2ae,0.9989317371554082
ck_9790138467a06223,0.0023805861064088514
ck_10de0b0d86b17839,0.013205237995848858
ck_c3e37a4d3382c32e,0.007277891720088031
ck_dd8edfefa1eba531,0.017118388059286
ck_8153cdadd300d234,0.0014556380351142175
ck_74d0e7c2c6b63d36,0.9607285457571993
ck_c478aae3031bb328,0.01403982257809257
ck_cf301f2194975866,0.0039022874172754056
ck_f4de03f44e3a5bd5,0.022687356824858285
ck_b06ce826e593b210,0.0140582231495509
ck_2fc70b6baf6a0e26,0.05606598988205482
ck_d208494cf5c90047,0.039637223730951805
ck_086d29ccae565e5d,0.01059142586775866
ck_d5ef6dc116dee408,0.003919125816509587
ck_fdf0c5b722d83464,0.0007124420780017617
ck_de8494b13adeffb5,0.015255470928096496
ck_556786868599143b,0.00534268154790664
ck_4940e78cbdcfecf3,0.0035153624481966757
ck_d32fbbfe32c00416,0.007207628892516611
ck_bc7710f7e9fae649,0.0024494276753496023
ck_416f7ac57da081a3,0.010374143450141118
ck_6fb39b60c67d5475,0.011002483794175712
ck_e40a156511345d6a,0.0059262072381320325
ck_49ab879b5aa7fccd,0.07579676813787956
ck_bb643194d1cbc47c,0.9854136688547208
ck_b3ce8f1bcedfa043,0.0022399214234123457
ck_558ebde8c29132a4,0.019014544147501027
ck_e6222925762273b8,0.0233929319775373
ck_bd80546b4807dd59,0.21216292693580246
ck_bd21164bd2bbb635,0.03158711719563262
ck_ea835557d7043667,0.030321182077465102
ck_1411a80a157ff39c,0.004345214847766313
ck_ab973888c20c9120,0.03647618249133469
ck_95b48972061abe82,0.0022848712379812198
ck_fc4a43f8876bf10f,0.05403392853499428
ck_f34fb7ccf82f41e5,0.009657363458856734
ck_5af9934a56801ac0,0.00272522589227412
ck_fc7445ec76389a58,0.15519487091976372
ck_1eeacc26f02fbba4,0.014605784090104832
ck_4f325dd15c9bd45c,0.01702759442512196
ck_5009a6c8bbaf15ba,0.010171107499220308
ck_0f3de7f074bb33af,0.04525686094812847
ck_2cbc2f93a32eede8,0.03016942727528535
ck_4bb90a61c21a303b,0.00812335732339882
ck_3ade9eac7d7b0dbf,0.05008287983363414
ck_4859a58629622915,0.052081312212373713
ck_5fed957287ebca03,0.010351528071237603
ck_ec01ae5351500355,0.01978309998730224
ck_703b41624ae6a5b6,0.009400081525728193
ck_97c38e7f61c27e47,0.010844395831480015
ck_db2c0908150cb2cc,0.04346299164780129
ck_64ac5e6fed86ab60,0.9813523527362555
ck_da1c853b0a061e83,0.02179513076819446
ck_9a36916b60178ded,0.6657502829100406
ck_3715bfa7fed2c675,0.022534319861675634
ck_dd3feb77d7d4f6d3,0.0027268270172862707
ck_982ebb24174a4ade,0.0018413065900665928
ck_f6b7a10d47dd9a1f,0.007048364949655697
ck_1f56fe99f250cdf4,0.010335130812575078
ck_deb3ac0606d6f6db,0.0030180815934461214
ck_e666629e5a41b39b,0.0062262910042230404
ck_756d2c13d02b3e09,0.010509007058715322
ck_7bc752ae7cf5d55f,0.00030461447217712057
ck_fc0cc4b25e6a8194,0.006254809894066786
ck_9b2b0e286de78a1b,0.003757604838701832
ck_24b0803447211bf3,0.009223300557819501
ck_82eed68d05a42128,0.016971449772478008
ck_c8a03c516ed5b05c,0.0495847436158727
ck_e914974cee1bccb1,0.05055332022695131
ck_0c533ff2d0f9962a,0.016611778503599038
ck_c12805fa5d970a83,0.07762562884597389
ck_fc2cb29918631f10,0.03333906690354012
ck_c20e89afe575549b,0.021200573951924977
ck_e1ff9e31becc27ae,0.060337251658356024
ck_18116d0ac08f1996,0.9237966407821608
ck_885a83975cea5e64,0.003640239806858837
ck_a0c3059a959ba5d1,0.023829385521365484
ck_75257ca7d7da2861,0.009642530215427488
ck_2210f7a0d13bdbef,0.017455801127937015
ck_9cbd9ecf8374f65f,0.00759618938233573
ck_18f67c00ba21fbde,0.0006653796715905385
ck_2d28f14d3973d8fb,0.018744029035210347
ck_8b3401b44aaae728,0.019197934651589577
ck_9d8e9ef37797d3af,0.5655854920638737
ck_9f50920c894f64e1,0.005437143225866122
ck_4737e0d56c6fa0a1,0.02866282708591008
ck_52c311f29ca3aca9,0.0015485448083273547
ck_6a4981bc721df37a,0.012392260458109396
ck_823539d936c55fc6,0.002108961970637233
ck_df5aedb4118020bf,0.8775263754112905
ck_a911a066ff0f7b56,0.010709137674589187
ck_684609767df4a14b,0.04161477367601845
ck_f2350bf355dc919e,0.014024763406187331
ck_8452b6cf97c65a5e,0.0042642688091664065
ck_084cd84501012218,0.6680557546586757
ck_ace6b72e5bf3e93b,0.09117557451418105
ck_2afdd69094c955c5,0.04440865966144438
ck_fa7d5be26bf7b31c,0.11895509032958348
ck_4b041217690fca2f,0.02005838984921869
ck_9fb8e3d38cdf276d,0.8250884520780591
ck_c1ee56d65a42f59f,0.34327352562300706
ck_fdeaa1cd085691f0,0.015357142818554761
ck_5de33a7a87e9aa62,0.037167192226156186
ck_7476e7fe1ff45545,0.018437098068516684
ck_b0a947b498e47018,0.002030154295680422
ck_e3894ed88a7977e4,0.003979515412984342
ck_c7e07ebfb0bc15f6,0.03898641038148735
ck_3a3daa8b376f2a18,0.0027526670986914815
ck_87809324c2675b0a,0.01658542308919991
ck_7eb4f33260f1dcd4,0.016962100658346014
ck_ab9f0e08af030060,0.004848888021163954
ck_5b8fc4a76f340797,0.00989523075012506
ck_0e7bf10ef49aa818,0.039432223809737495
ck_a44462a3853ac67e,0.9969572379212901
ck_2d14bcd2e0fc043d,0.0007482493316068906
ck_df1f2dba802296be,0.8065353639945279
ck_466a7316eaf149b1,0.006242144537223702
ck_50df50af592b0c06,0.0023375501708480114
ck_5f9e34c849704b95,0.002825754878546405
ck_7836bf6def26aa87,0.12318191239291411
ck_ba175b1bd8efaabf,0.05040627567064983
ck_1a0aac7f7b94b1be,0.12151821702736824
ck_6768c4b2aa8ce586,0.008423728869255964
ck_eefcf0ed15897898,0.0037305407565210343
ck_7a6cb27e390b6ceb,0.0016822350323697352
ck_5275be4e1577c1c7,0.010208878059032755
ck_6bc0e5b8c0b7d2bd,0.032880438671722134
ck_4874bdec79f9106c,0.013653032820279652
ck_a678731156ad7bd2,0.075521612220226
ck_db906debc36a5d1e,0.02614638407701319
ck_e87897767c612942,0.04209211576315102
ck_45ed5ee496ef8a67,0.011726138527768869
ck_ae20e28f9854f3ee,0.03022875190145632
ck_9ee044b73943a90b,0.0046807523670304085
ck_dab34cf6f0626c9b,0.028283095319612483
ck_64a02b7b96149810,0.004862040594822638
ck_c417d06f3e94685d,0.0070835687480411596
ck_3e0149cdee4cb294,0.01562969461354289
ck_0e6046fc30f81705,0.002982792438099506
ck_c383aeabd53e9c89,0.013632625025514466
ck_2ef76f1f36e8b869,0.13435843108547604
ck_43948784650bb9ac,0.01276684628909462
ck_bdb966f43ac350ee,0.03569288686453525
ck_5bea0e0ee0b094cd,0.003255311583695047
ck_dff090f03ca5529e,0.005599709532025145
ck_a4691b57f837d88e,0.010457574382554879
ck_99ee90946395d74d,0.750708437682347
ck_cc81dbc83a8879fd,0.003961303133185691
ck_f3dc0725621b3a35,0.005628842374280705
ck_1bb212d1288b9689,0.035099822498431556
ck_9e7278fc7679f002,0.049448455418075764
ck_3ded7a8720d7e311,0.0029545421022480005
ck_798157bcdb9453e1,0.005084064900738766
ck_9fba80f56f357fe1,0.003826417815367094
ck_f1e1c8491f16f912,0.03263776454470941
ck_7b1319a5ca2f63c6,0.9679317872176633
ck_124432fd5c92af7e,0.5799348623710006
ck_148cb0c723284dc0,0.0006419412429107218
ck_b56c62c950eda009,0.005678466110988231
ck_a0498755cd8d7188,0.0017071156874334437
ck_5379452a9d74efae,0.014436096893989763
ck_6c2453229d608183,0.02788531379566654
ck_f9d8b4813a88c1e6,0.0020721784960003554
ck_c2c7d1e45a521857,0.04137482898136685
ck_4364a83a11743888,0.002403598620291246
ck_2cdf5fd97ba75e06,0.049378030759897815
ck_71bc01291e0533a0,0.09769946203343509
ck_a725d7aed2a0bdc2,0.020948941165562042
ck_a9b0c4dbd7db6a91,0.02852325206497709
ck_a4258806a533efa9,0.009819789175459092
ck_905e460591d9a278,0.09741292273273404
ck_20de8abfd8960ee3,0.012797468979911877
ck_252b0a0f1119b220,0.006322709528819248
ck_95e4bef65c36af1a,0.001676796033778442
ck_5ab68b434ad53fea,0.0010105655532296326
ck_13677a1957078827,0.0013801302129001108
ck_d251e9fa09e542dd,0.9997353816746685
ck_700cb620f300dd47,0.001865403994240937
ck_39a68c55a1bd3ace,0.1638828269825799
ck_61a59a7944d6c53e,0.1975019644899823
ck_db6d1c6d31da967a,0.013513481463102594
ck_650020c500b1b50d,0.005853663467501293
ck_d812eb6930192793,0.002150627697517139
ck_92f6ebc11ebca89b,0.009564908391990042
ck_d87e26eb5bc84b01,0.002915699622428508
ck_66439e697695224c,0.0013784490386433198
ck_f21efd504faa654c,0.030242166106976748
ck_15eed0f5652f0352,0.006682840374544238
ck_bcdbf57d98dc0d27,0.01865844747920615
ck_873ceb8004d3a9f7,0.015223636230372045
ck_70bef9ddd4bab005,0.0012608983479490902
ck_7560f1891d66f294,0.020131420694092017
ck_f439f16f8693883f,0.008414210599817371
ck_14f9535e53f9c7a6,0.001362790462907072
ck_5984be472d2bc267,0.06162850215571078
ck_ed01be7504dc4187,0.01064359635582194
ck_dc3d8b5c17b67ae9,0.009993816129436657
ck_9dc23031b6b494af,0.03249441170036192
ck_fbdac0221bc03f66,0.00044197049238624313
ck_863708a99b92ef0d,0.00623435828215961
ck_22b52654776a1ea8,0.888524195174326
ck_a0714f98001efa0c,0.008484093911940242
ck_9c56114f84e9a541,0.008674824137593434
ck_e155cf506b2fb699,0.0013419949747437412
ck_65ed7e72f24731e7,0.05719979265540597
ck_822d6e8e43befc72,0.05053104311247382
ck_b1182471d9ac6b26,0.004354876395452869
ck_821446adc95e6da5,0.004713250605442109
ck_ff182f033134dbb8,0.01947361282335846
ck_9c5feef7647b0588,0.0002452349644904841
ck_df935d8bdd44883e,0.008129023877916678
ck_01eb24c18ad11fca,0.07296201272247338
ck_00d6730134a1eb51,0.05773699412917513
ck_79ba8e85678d0224,0.009330897288834418
ck_97e3b04a1350f6e4,0.009099751687212004
ck_74e9747954a46eaa,0.02931301144167542
ck_397d5fcc9972f909,0.010709137674589187
ck_9ede89e8a43c3f53,0.08319870713834673
ck_303b33910d67f306,0.01128210114330319
ck_3c17841636f6f7dc,0.01231062262856521
ck_78730527f8ba1438,0.36424883969275346
ck_5ee32bc6bb5d1d4c,0.12890061913106532
ck_a13fee8cd925d0dc,0.0036831005102558006
ck_6f847263379f2e43,0.061253120658481035
ck_9b9d9e579e7b55b2,0.0594167315873848
ck_87c1d0a79e79c84b,0.008710265155143964
ck_bfc453eabb472f91,0.0035133468364527158
ck_978c21bb5fe3171e,0.05005407723792714
ck_dd882323474431d4,0.05325842522899261
ck_533c4f7400d5ab22,0.23702562236245645
ck_5f217bfe28954e75,0.9943713672103269
ck_ae96d35465b3b4bd,0.0006692826691143221
ck_512ebe97c0af94dd,0.12599389727863033
ck_f558fe02bb0219b8,0.009451931065565243
ck_84092e23d5ef4d51,0.02428582671511088
ck_17d3022ca12eacd7,0.011285805161845977
ck_8a8f81bf3558fd9c,0.05302841482919943
ck_0ada6fed1864e7c4,0.018070521224907408
ck_21fe7bc59dcd78fb,0.025393619258212142
ck_e136e20c1c74fe38,0.003129086029693752
ck_e7a530e09d113dd7,0.019730053716101772
ck_7cb0c9ded4d63027,0.03388761962061102
ck_102db9615e722c9e,0.011700078466400136
ck_129e39ddfde92eeb,0.008153941404459563
ck_d730ff21bfd7769d,0.002417391474844279
ck_54459b45d2be8459,0.000405410051317928
ck_7f1c20319eb60aa6,0.9995268173096061
ck_939fede90473e412,0.000699524965697903
ck_e0f9506a6d5f4a1a,0.042472982305673104
ck_9a4967cdf49265cd,0.1040790458495053
ck_b9eaf03453ac7d5f,0.003884734965929464
ck_522477be6376b450,0.04079675689297246
ck_9b6282e3bad50710,0.013218605435469127
ck_a0e3a2facd508e49,0.01043941776527068
ck_97ffae702f7c3d08,0.010758817699661574
ck_344a95cb7115ec67,0.020148963403865308
ck_1f2760764afa45e8,0.04079512923006774
ck_720cd658d11ea428,0.011020889657764975
ck_04e32ee9834c088d,0.19781904543834306
ck_2bb1389e5e72c8f4,0.02456659196748486
ck_961e7dbc217cfbbc,0.025324504677733534
ck_f3bce4eccfa6d6bb,0.0010901602357546662
ck_e0ccfa0d689339be,0.0017799487203713892
ck_98217aeafa0bfefd,0.010709137674589187
ck_a02aeec1914c158a,0.012507839210621916
ck_20a17e8f206a14c8,0.001577929088098008
ck_114c32aad4b6183f,0.0622041897931192
ck_79f5198f0decef20,0.008950179852033334
ck_2209de229b4c71c5,0.01451383570509695
ck_6ee939b7f396975f,0.00986044570353539
ck_202f0c14b07ace01,0.02721649206954778
ck_fa24db9d416ab904,0.008574103777066674
ck_cf6aa24b92c4d33c,0.328439613168976
ck_45f57fb8194cefc8,0.14615164984964132
ck_d5eb179dc45394c6,0.018322815633290288
ck_efb24be983342f75,0.0012782766002498978
ck_245f5d62ead5ef28,0.0029920793462972412
ck_15fe2a47fa7e92ea,0.008936528229403974
ck_b6527a85fd682554,0.005864819994776217
ck_11f9390a11ce9ff5,0.03314126002778086
ck_ffb4d892c5158201,0.007111776050045057
ck_d4c1da5a1427fd6a,0.0418543577012012
ck_2c041b1efb1c5063,0.0038784877475338815
ck_ecc18f40b33be769,0.22232178930539567
ck_0525349f3945375b,0.05982284667682903
ck_0bfe62e0c7eab9c9,0.01919540414264372
ck_b7c37d410b1646c2,0.024461875890475028
ck_4b15b0746318cf42,0.08377102620801913
ck_e5ee006ecd8ff661,0.05983988585903953
ck_ccc83cf66365357b,0.005806876332961857
ck_34a33ffe8339f66d,0.9612494477429062
ck_4e39e3b165edab58,0.7916649356425182
ck_1a71f8081ae00190,0.9097592763280216
ck_ed8f1200fc049c40,0.8639353947866577
ck_8a5a57858e8c77f3,0.04502963692307107
ck_fff9fdc2adf5100b,0.1717811117779391
ck_c76f1bf40f3b787b,0.0038906003688952743
ck_1a6ddfeef82b1b1a,0.003955949579496329
ck_478d2667aa9896d9,0.008742365272133403
ck_641c8e7694b21f3b,0.20545697915875075
ck_293581d879f6663b,0.4960251967336434
ck_1bfa8abdb22be8f0,0.5376158611941927
ck_05ab5b03d0bf9ce4,0.3405658534419307
ck_35694db37f0cde7a,0.006428279837335601
ck_fe33eb743d714c03,0.017729301677460323
ck_abd10fbcbaf2b038,0.019494118850926893
ck_46d51648c1bf80e5,0.12684959983102861
ck_5c8390017fabfaef,0.0056606318592987035
ck_87d55ca333f22072,0.010223348497329764
ck_c39c6a1453e2b92c,0.004162579745555753
ck_69ff1b0aa143a168,0.00543107177527033
ck_e57c79eaab35ded7,0.07767542831601798
ck_463ae759e2b6ad1d,0.022352914183329128
ck_0dae4a7eb587f3ba,0.007424238239618829
ck_9b12fb56529ebc4e,0.009057550204850627
ck_1af547077ba2dd03,0.07583372056717248
ck_de13de941bebc7cf,0.00281444850331782
ck_83dde7da2bf647ac,0.0026115513101832443
ck_c80a94d4660041fe,0.007979733263071147
ck_f39cfeb277ef6528,0.01048404559033586
ck_1cec1ed1512a2d3d,0.0036526083845114794
ck_7955a359b6448799,0.0012075591402697927
ck_8c0955dad13c3ca1,0.029790303885276245
ck_6d4cd2de601a2308,0.003302383067861952
ck_f4536ba8dd2d551d,0.004368314650716147
ck_b379c198d6db2d62,0.01624690290645054
ck_76ea90ebc74bcdc7,0.01770510850886579
ck_734f06bd4aa92781,0.03262817409645069
ck_677e1d0c14cbf569,0.012897035428797466
ck_259271c70f3fbcbe,0.03659400252471771
ck_c0b744eb9e7d4eb7,0.006845292154387667
ck_3d41faeb96802f68,0.0004689935906192923
ck_8f604fa70fc3c8e3,0.00089685215696541
ck_0b3c3bea0e0ed339,0.004986350020657474
ck_be5df076b8a86409,0.007132140366318822
ck_6a475fe324d7d790,0.015762679776987906
ck_3ba3fa5387bacee8,0.0009508567366399628
ck_324b9939d9c1c31e,0.002862870669517264
ck_a7fcf7b592f68ca1,0.020947876564040922
ck_5b2728f7cca414ae,0.002032159471176723
ck_5f4a25ffd0b85a47,0.01096081179734218
ck_63d4f5076fe4406e,0.0032923825642574333
ck_af528d66c86f0cb8,0.004451799011484705
ck_ac7cdb9b8da7b5dd,0.028671842601282367
ck_3bece63711407e25,0.01394338397549002
ck_d4e0b2a12fcfc35e,0.08150260868880728
ck_ee3e7c9d3a9c74b4,0.12265418831281123
ck_50d7c4dab837bf66,0.0018125545231583342
ck_ebcb93a2990fc914,0.09596005913729988
ck_2329cc9702cdf7a0,0.023848915851024045
ck_db1fa53d588bf99e,0.009111117831690968
ck_44e57a0bad5a0745,0.00800232060121588
ck_472c81a144f4631b,0.005532020958358458
ck_1658429acd5306ba,0.007930842045428817
ck_466103ec5bd9444b,0.003511888829992943
ck_9757163e25262b74,0.004613269066966508
ck_34ed59bc2c9b0186,0.0013789197366135795
ck_b7bd3a7f263f4f29,0.018697047682167494
ck_149662b09d632e41,0.014134191982155188
ck_a9ffd6b3957bd41e,0.02067457614419614
ck_ab80466ef615e85c,0.0029748641631573685
ck_f2c824d3473db24c,0.009857520907697091
ck_a4a01fd45936b078,0.018721368549761048
ck_8f6ce158c2902877,0.0019214129391991956
ck_5189a302cfa7cefd,0.0006936499064942695
ck_430a3d03be588201,0.008401974734935749
ck_b5f9dd00914b4db4,0.014225968886175978
ck_52dec82e9cf6135a,0.055735718866818426
ck_95e444a01e2ab4a5,0.0021541655834466083
ck_e37cee7b123692af,0.009726971881702485
ck_d68d42858a55adff,0.0199571960112836
ck_3abfc010091d679d,0.01347577262575104
ck_cee4e4e1b62bf82f,0.02355775521871582
ck_9ccb17c35e636c5e,0.034395497076217606
ck_f72a5a3b0d6c1177,0.005108659888553337
ck_7508aa554fae6afb,0.0033237687229619923
ck_003aa842b7ca1d77,0.41692174922067277
ck_83b2b192f41ee2bc,0.052970984225191045
ck_64796b6b2c3c7f06,0.03766299189047815
ck_6438ae81d43cb196,0.004413943981845766
ck_2bd73d9098504760,0.07127091686606178
ck_aa8b9b36a099e4c8,0.029795159561496396
ck_e5ece47d0dd10526,0.007682453140236721
ck_16077ac345472e6a,0.012530192024234665
ck_a4d6e152b0076964,0.0037011027620519957
ck_d90b1d03ae151f62,0.003946058791225766
ck_18b36d342b530af4,0.019781071800632075
ck_2a01e610348b84f8,0.006594665976779661
ck_0a93ed76bf36c8b6,0.020333563946270727
ck_3d56b477fe2370b6,0.014978925610948957
ck_17ab3068fa303682,0.008174484817148707
ck_592a3520d841d11b,0.05592633926969518
ck_84d07028b5fca2f6,0.012544656125931372
ck_f4a2bb10afa85743,0.006040172327919928
ck_4fe4b072f03f2c1e,0.00010353314170047911
ck_9ad08fcc183ea1e7,0.005042212462725293
ck_130d3848b9dcdb05,0.0036794355536557298
ck_bb399ed6bf28c230,0.023546164546094494
ck_a31a64a39a2c4941,0.0026144099044726737
ck_c49f25dfb39909cf,0.01470289321818131
ck_55f50a9ae2db8ff7,0.01909967974603214
ck_09faa4e771cf876b,0.03333358298263701
ck_df520a7a6e405889,0.04434735142065712
ck_8c8c98cc694ac900,0.008428321562159771
ck_7f0c4f609673ef62,0.0033627179615356682
ck_f51fe59cd445d2cb,0.006205481740956079
ck_b3fb83f0d772a831,0.0017641058902169253
ck_d6e7e257751c299b,0.01182770004042864
ck_0d362ddb4a1cb6d4,0.026813536818974717
ck_a574a08edaf81781,0.002666070427874736
ck_a823f5bcb0e4b9df,0.004065835052625761
ck_f792586ad0381eac,0.010392333619599651
ck_54bfd70022c66983,0.006186350124873401
ck_fe0a9372c9372de9,0.11385552453184197
ck_5691cd6fdb6d8147,0.008031534108137872
ck_a95f212a02433d23,0.0016204594833440376
ck_f5adad75e1c06731,0.013475627661361868
ck_e09c97520eb0533c,0.02842264101876613
ck_a1e13c0d58560340,0.002595555124753594
ck_cacc2ca410cbe80b,0.009077966465325544
ck_c0dde2a6ef1e08c5,0.012080701058500088
ck_a04403073c90ce38,0.0012483530122256855
ck_03d3026107175dae,0.025588137706126692
ck_50176dae5b1b716d,0.0018336038640232317
ck_6c084bfcb38e96c3,0.030091481253696328
ck_36d2be9012f7909e,0.07217034572850886
ck_958acf84c6137a22,0.011268609912878768
ck_114722e12db90a73,0.003258131496070031
ck_203c2a22c0c165ac,0.015159128696600964
ck_2c44ca550e5cfa82,0.014830880701896037
ck_df0a8f20ab8f14f4,0.01066983377475346
ck_826a27ff7555192e,0.008594898870011868
ck_09a988ebcf062297,0.0493483865743335
ck_5c82444b3b9160ae,0.025768740288701228
ck_f6a4a7ed27fe76fc,0.024922122486347138
ck_17de46314b5c6a92,0.0021595486484613196
ck_335e63101b1e6c4c,0.4931915746523623
ck_c5eefc0697451de9,0.07084808416187785
ck_49a0efb5d4067b6f,0.060325062704749306
ck_c1f4509c8f5dac5c,0.017248276056267515
ck_57658eda1c59bc52,0.0005036376371783473
ck_0d5c0736ec76385a,0.002868453757994992
ck_e0239e6ae30795a7,0.006719647737304864
ck_e4459115cd8e5e4f,0.004834854770659393
ck_bb4aec09d4968dda,0.04367246335330984
ck_a1b4c96faed3e0db,0.03384583997815217
ck_8247b79ac67aae7d,0.019675040638728568
ck_fe2fc7d6e5d83f09,0.0021533763489180154
ck_f6aea576cde8d592,0.0006775775953921
ck_b7e7f7d0cd886412,0.038762023155427566
ck_ca7b993e8286af7f,0.02688560682201057
ck_47de038381a9cd65,0.016973051837079943
ck_d38f941d09eec820,0.006140060805314927
ck_d9ba2a6c0d926b4d,0.03760363331368944
ck_cda72f597330d0f3,0.005561747600449742
ck_16d2d27fadeeacf7,0.0005953119188766617
ck_be05447853d423a9,0.0003851286039402346
ck_cd92852d7376a4a8,0.0045249947347923095
ck_2faf7ecccc9fec58,0.0008808290618477209
ck_db8733fd92f20cd7,0.01881443904499394
ck_a9989a3a94c26634,0.007069088811571749
ck_957fb25437c75e41,0.019523552817496934
ck_e6a6caf6e7de17c2,0.10764755177244448
ck_f7bc569b37e8bdda,0.007201536268541753
ck_703b375dd86a6124,0.011743492018773368
ck_d3cfb3603f2c6ca3,0.03711978291091498
ck_07cb2b6f2a4303e1,0.020331944480658358
ck_31631e2028d4f855,0.014072647196096518
ck_1631bab0ba1256db,0.03432649256802299
ck_5fdafeaec036f016,0.004377754147165801
ck_6eda4c36aecad602,0.04317165486637455
ck_bd1bf9e3e29de281,0.03426601099091946
ck_bf378ea558a4125f,0.2865315086213959
ck_7aa2deeda0e57412,0.9961571034835859
ck_d229cf7f5a3f38ca,0.0223025063110377
ck_9e109edd124492a5,0.014370525169499975
ck_779491819995625d,0.03417265885653285
ck_b89c6fa2ad0a12f5,0.009141778528543068
ck_1d01b4a609918c4e,0.8646975189872036
ck_714c5d7cb17bc9f2,0.00036090785784821937
ck_269f1746f2609ed4,0.0007361103902980046
ck_4be03a2aa62b93c7,0.003586777991355304
ck_cf920313f6dd28fa,0.010940618263243412
ck_fb00aae4e17740c5,0.010349743949290096
ck_085d8c42739e2b10,0.9982517895263644
ck_c72a7d0d03cf3e17,0.17311705466642066
ck_8f6ca5d3b17eac6e,0.006944762991950164
ck_d9573100bbff4014,0.20491951661433877
ck_79d6793d1d0cf43c,0.002540193893012051
ck_91fa5032f7aff0f1,0.08182269799957599
ck_87110d84872c0fed,0.004378116398991708
ck_8220da627e9992a5,0.014200321389272613
ck_2ae44938847f3852,0.0007689594148560092
ck_b0f191e44f9b6f35,0.05265534710994483
ck_3049d744b527f4d0,0.0019387839624718465
ck_47d3e8d1dd3fbcef,0.002392641490283502
ck_ddf787359d2b5deb,0.0020802076418527066
ck_b27a9e39726b26d9,0.008204408281537129
ck_80c4e9274cf976b6,0.9933047126209582
ck_c6afa913168ce8fa,0.009150585716595142
ck_52427b3f8478db19,0.01165208254476999
ck_3b810f15ca0eaa55,0.00385189796779735
ck_0c9e420f97baaa06,0.8266681502322801
ck_f8540cf3a8b2f8c9,0.03249441170036192
ck_1402d24dd623df72,0.0013341660462270729
ck_eb4f4267e24d042c,0.028559684613892997
ck_6f661b428d6fb8e4,0.004305094024147795
ck_519a26ecf3d29c90,0.039224354578468686
ck_e886ba71d4a6fd73,0.007724180919122271
ck_437f9ecd2016a1a8,0.010803052710386804
ck_f01af1b0c977cc06,0.0021301405645371
ck_614f777c2eb5d537,0.03028845672579353
ck_b804e784cde9af8b,0.002358266777442454
ck_c2dccbc1b24b137b,0.10495211545337399
ck_1df4a1781a0f6999,0.0063553498683700605
ck_bd2cdd53fca26171,0.002475549855885286
ck_424c254249a109f0,0.006081496256289887
ck_cf2ca4f286e289ba,0.03209749917464956
ck_6c33cb15b0d8af54,0.00438087696700249
ck_311d395fa9b8550a,0.026685903191606915
ck_9f792e7e721ff7f1,0.003992854874000391
ck_4c37586080edb7fd,0.0008566353974883642
ck_7c4f42c5397113b0,0.01919850745682165
ck_fc418f53ce4aa579,0.9201222367371641
ck_1ba28fb7ef726ce2,0.009899346603475419
ck_d932f98bf6b83956,0.041829335176052994
ck_248b3659a9239240,0.021054929595194647
ck_6a92cf5f4cf5de38,0.0032706033352868672
ck_65519d0fb137e0c5,0.02174827097206568
ck_ddc3fc99eaba2064,0.02989047778652131
ck_7310cda3bc65a73f,0.002316580722174378
ck_c01c85bd631d4054,0.0015384789739088561
ck_b4954d16b9749829,0.015387261104945475
ck_f301f6758e170d66,0.03108334842243872
ck_9bf95f8c47e7c7b4,0.0036516441722240123
ck_c91b7fccf6aeb4a5,0.05117032740147483
ck_785fa45e86bc5e95,0.02259454167896678
ck_2a65f1cc23f1180e,0.007897408539074658
ck_a49a2c1f881a3560,0.02491132300810878
ck_def344d68f06d749,0.014451867027651341
ck_abbd1465fc730d78,0.04876115403420448
ck_07a5610ed28162fb,0.007159654612363291
ck_7ecdee2d7127be8b,0.21087833344174792
ck_67858bc00e81490d,0.0008077426646093661
ck_b4ad165ace910222,0.007709471682032319
ck_30753ffe481a1b8c,0.5092858592994869
ck_c401a26725b17177,0.0015065174386297985
ck_819988d8a7f26415,0.0017985017288844108
ck_3364a1d9261b3638,0.05248038526902409
ck_c484c5bda389bf20,0.0019677901415072444
ck_ae416325fef92c9d,0.6686597751670377
ck_5517b9a865960542,0.0009628550960421827
ck_a0e96fed380440b2,0.0020034580040032405
ck_e83409471d2b0b44,0.02099304800285975
ck_127273af97d7827d,0.0017031324330655472
ck_aaa9861c91bd14dd,0.02425130992036329
ck_a378c58294001a36,0.8191219412771048
ck_abb9d65ff1f95b64,0.021078197818267117
ck_a5ecbefa849ae569,0.0019108926512303563
ck_aa9953c0ca2bed7b,0.008823068731277205
ck_40bc6de252865f32,0.003985224829130393
ck_9fb11688dcfe1513,0.0304910093238925
ck_ba68841ca2ba073d,0.01356576638657652
ck_1d3e561a7d20be0a,0.7584095522548342
ck_99a92d710a29c1d0,0.005412512512915724
ck_ede2e887697ffac0,0.012920111317325622
ck_e6de67c0d82a7b83,0.009915577678781286
ck_6b38763bf5ddbcef,0.005523777294552485
ck_8dd44eead7d765a5,0.011340428641512757
ck_30bf5b0056eea9e9,0.0575762181343461
ck_2981d16f8a51a8ed,0.010283338685874534
ck_fc60f42c68c7024f,0.01612212831077746
ck_8e2b2251ee224aa4,0.012375614984265837
ck_1906f0dfaf6e9bad,0.6954760081262203
ck_dcbe6814fc4ca0b4,0.04818686254770749
ck_f7e958a286ae3b57,0.10482397507141474
ck_713649668a7ca824,0.022097845748698303
ck_6f73cdbf9305e2ea,0.003293536517709859
ck_dd1c490050cd9051,0.013273127731216184
ck_e30db36e376606f7,0.05159352392465312
ck_740d8fe8028b5a2e,0.1452855388461084
ck_ebbc9418cd41f692,0.0012700637902673497
ck_7b3cc6cc3f250f39,0.009122010695126198
ck_1d30eef7110809e5,0.2521094817806604
ck_77e0589ab339ca66,0.012249687999303451
ck_15ccbf8ff7d14086,0.004273705127672621
ck_246989b0c288664f,0.004216333060215448
ck_fc2a6e27b10b10e9,0.02159354489596988
ck_8afc1112c12f5402,0.009301132987060368
ck_a76e8d83b9141364,0.01988838942317403
ck_51d3e8dd7465c015,0.0003706932806630851
ck_e7b4016909405981,0.0029357809102011656
ck_e7a3cfb9bf908e80,0.01930490638002552
ck_2bb49dc2388cdc1e,0.031214628392582978
ck_94f4266ee7871345,0.00410850122780562
ck_b2c896beec146477,0.014128255196521607
ck_fcf5d4a4748cdd53,0.03448710007211357
ck_fd0483639811f62e,0.04603095060444244
ck_9a21d183524734aa,0.03291129129585091
ck_1df4b46c0a4c317d,0.059902784972946835
ck_638df9e8a22dfe0b,0.020723866678512122
ck_65acc43a6dc3e65d,0.11924131944198314
ck_7c67b73196e3d0d9,0.13113805928979116
ck_b0ee3a98175b462d,0.008057791425347622
ck_20fad010969f1abf,0.008584334744890712
ck_54b087bd873af8b8,0.003049089643795045
ck_8007824431fa803b,0.03863489062981641
ck_23aab322810b9fec,0.020391921740064954
ck_c8001bdb9aafc8a6,0.004444878135272085
ck_3a34c3ac83cf84b3,0.03205090680045078
ck_60187ac2c473a662,0.9484489846636873
ck_6a0ccd7357979f0f,0.031104303124068314
ck_27f20337bef5ffe0,0.020860368514966497
ck_f9fc468915afe49c,0.042563040053914404
ck_1eabc15a94bd9009,0.02547930820094937
ck_26896c494b2768ef,0.009040358383173403
ck_348c874eaf0354f4,0.01337631772801551
ck_be9c46acd216b45d,0.05481134723026428
ck_a3cce46d15cc20a2,0.051208176447472324
ck_70804f60d9704128,0.05231475211626567
ck_a019151ca8e7527a,0.025716636145053737
ck_571133b2aa8ead51,0.013893942215922021
ck_0afa4449f20d5196,0.0403017649292184
ck_4d503c41cf4e5034,0.010327930306210544
ck_d6fb9cc5171e3e9b,0.34806232731771375
ck_05ed92a7c3e10e5d,0.01780397682778663
ck_bfb067986660afe3,0.020748308459251595
ck_c1a31690c8573226,0.017316184803362455
ck_cb88ef3dc1f42225,0.0050281658315700015
ck_21e3b3bd998745e5,0.0088767605326749
ck_cf52e46fa54e4540,0.00220302613890883
ck_b72c7ac4208052ab,0.003873393461235859
ck_e6465c56b337e6c2,0.005055862863843709
ck_5f87eb05d18186c0,0.015189375848070993
ck_263f6c5ff26b5e98,0.002858058793932685
ck_e0b7e2c0bbe228d9,0.1600024753542412
ck_b657ae3c146cb7bd,0.01435208080616304
ck_abac514d8167ea58,0.20469436365607716
ck_024dcab126876002,0.014677834842503595
ck_5d8481e2b38bd99d,0.012485264671964145
ck_edf229c17d25dac1,0.10351150913594694
ck_6cb7c97b72d6b5d3,0.005711130543243732
ck_c96ae2c28086a059,0.021535892473932314
ck_2f241b97c0f8389e,0.010313605641881973
ck_9158bdbb63ee8987,0.0049403767468195175
ck_e7b40b60786c1530,0.0008974190105287944
ck_66d38518f68e6194,0.03745095849463881
ck_8c9b57ad2a991416,0.008391909245871514
ck_cc91bd7152d3e9ba,0.0011702174457342814
ck_0d846660c7957a88,0.031468557208656746
ck_60896cdac2212bea,0.03667524383872763
ck_dc4db8b932df49de,0.11213533169951025
ck_2dc31db181150e20,0.0006471457655057458
ck_2f138fce1171e277,0.012386210185853275
ck_68b8b859a6ef505b,0.015154860026167246
ck_c3fe0c6c5e1f40f6,0.034742969299814
ck_15886fe84866de92,0.008010263381004993
ck_ea269b35406473e8,0.012133190352255994
ck_3ce7cad1f69b71d6,0.003252376811751619
ck_054ed4288ee58d6e,0.09408506241488154
ck_3d4913a86f207fee,0.01907342102027522
ck_23ff85f9d2355e8d,0.015520712115526957
ck_d87ab3261322216a,0.009749963583457932
ck_fac046ce336fe39d,0.016925330666186313
ck_beb97e498e6cf8e8,0.04359314704476726
ck_1f517e0ebf397b51,0.06890607580542774
ck_0af57ebaa45877a1,0.003611741861008214
ck_f99bc1732ce5e999,0.027504615279802164
ck_abb056a9deab275a,0.013048518395125702
ck_0bfc394c5faa65cb,0.005016791786184116
ck_ddc865af1dd5670e,0.03640785172063343
ck_68b5542459638b56,0.008589236068015964
ck_0b1d84252c0b46c2,0.0005461564295383098
ck_520ec32c4f253604,0.024862680496004635
ck_79ffcfee599d77c7,0.00542427399844948
ck_eb224c0fd146253f,0.03101034093476374
ck_0e477084434da450,0.015594537040045866
ck_07840bba5570785b,0.5141175871355274
ck_6b67fe8e310ab865,0.004395431216958445
ck_e2a1068c2fa22525,0.01139667848219532
ck_b9c6b32f6bd92a3c,0.05871495170809268
ck_c1e7d1021ae58f00,0.002664756788050834
ck_5d7801201749ffde,0.015027070880582197
ck_c8806749e263f70b,0.00039655634778446556
ck_c9eeab826781dc91,0.004418445768178405
ck_309a432c160a17b3,0.003902704576637747
ck_b22e3337b8e3dbb2,0.0013730007642007648
ck_79c30169c71b8033,0.9301769089846014
ck_5a6593d954085775,0.011022693727990567
ck_70b9b79ea1aacba8,0.012274604701951191
ck_63743141ffa11f45,0.008661053976474774
ck_dfd3dbd0d97a642b,0.0016369035475490752
ck_635646a661f05b4a,0.012662748240231236
ck_4b123d6931b6d0d7,0.21624468450277445
ck_f2b0e7a47f442557,0.23687491356946483
ck_1b1df006b81d38ba,0.006978837158449473
ck_360237c1bd30f4bd,0.0012487506430197627
ck_5e84bca0e362da20,0.039246739002494826
ck_142dba210ed2f3b5,0.022162885663585912
ck_a3564236069e3524,0.018275306708695455
ck_cf36d8b070ded782,0.004829659358901538
ck_ddd6625c5eddad70,0.0013566402890662968
ck_ad54292a0b2f44ef,0.0018753098538909021
ck_45cd5ef6b359e9b4,0.001602917177196593
ck_982c2392238b7be3,0.4994554825194346
ck_083e4ac78685c3bb,0.023169146285905363
ck_729cc0b46cc2e546,0.160503810401891
ck_f2b8995fe5402759,0.0011004687438651562
ck_73e24f5a8da289b3,0.034743779507066155
ck_bd85f30c36f5998d,0.07389925063581888
ck_ee4ff3aeadf912c1,0.03789013123191489
ck_63d2978706e193d2,0.007905732658327351
ck_6a0684436a1e66c3,0.03867411526044092
ck_182dc4a2f5a366da,0.006105134412040436
ck_e6fecb82fc2a82de,0.002961977694042235
ck_cfb06f07394dfe64,0.0024562763032466204
ck_7bbe1dc8add17ef0,0.00971481563774159
ck_5cacad76e02c8e3d,0.6860542411924128
ck_ca68dec0c7df5a12,0.016869406453704924
ck_e4c0fc52c82065d3,0.00455536022326319
ck_f9197b070416f443,0.0012439248382146563
ck_2a07c7021b71cf65,0.03547297919402158
ck_4fa85cebf707de2c,0.0020324897493400407
ck_0063d2a9507467e5,0.0015159258525946368
ck_ec986285fff05b7d,0.017795800230256592
ck_279d43303708109b,0.002286415195217999
ck_a406bf11e48cf8c5,0.03963725221492064
ck_064b2aa3f0bfdb6e,0.011752770035694925
ck_95790440bc4bd2d0,0.006351603325659648
ck_70066eea13b4c34f,0.0029306335448160675
ck_19468fe07e26f992,0.9790036880003886
ck_86bfe328e0a533b9,0.827589970094417
ck_ace3b96c977a7560,0.09032851041450406
ck_642344e5c652d8df,0.02075994136716602
ck_074be35c951ae10a,0.010831945614409432
ck_f14dce41036486a3,0.9985474527822429
ck_5cf67a3a747e684d,0.039140832453414334
ck_f7285b92648c1c81,0.011667409672067502
ck_bef3193f124fca5c,0.08965849325266219
ck_05c4dcbb45de1f8d,0.02298192083746501
ck_d7c28eaa05bb7144,0.008858793398362017
ck_320df984791a1b99,0.0041808357711168006
ck_f45bad1606fa00a7,0.0033805675518070997
ck_6f81c199e986d9fc,0.0012462089401285312
ck_d0c9633fed57c344,0.14660632839933302
ck_a3c25d6cc7478068,0.01608882170888235
ck_4185506d12cf9fa0,0.01457211029594276
ck_7a02ee1bfba7353b,0.010938147629265382
ck_1b52590757c0fbeb,0.015471866577878482
ck_a0e5656e1cf9cbf5,0.0003991704048247064
ck_ace21f6daef94f6e,0.0015802560206394148
ck_646d8d0834782d6a,0.2557986358369114
ck_1f136a4476b5e775,0.007946161104737096
ck_325c7643cce02da3,0.038168190800751844
ck_9b5e7fe28208f5d1,0.0054080822761187995
ck_05d81b1a150f31c5,0.0009951205768059896
ck_0e9ec486bff403c5,0.0013473005907284551
ck_ee13c091bc379188,0.011849977254557007
ck_f7a7f8f5903617c5,0.006284149980811815
ck_96c3a3517153390e,0.01175462374307928
ck_538dad7f096458ad,0.000715069367479523
ck_8758fc6622bbb7df,0.0022059136182919917
ck_f7e53af3c91fec64,0.012894414616139393
ck_80b50fad7f255e1d,0.01948816757478517
ck_9645e7adc08631b5,0.010991397953017743
ck_e007aedbf37d6ec7,0.0036945074525015415
ck_2951d76c41de2569,0.06435136786270047
ck_9439bff87e616d4a,0.2352763294663062
ck_a73045e96af0e4fe,0.006419831675328072
ck_7b382e533e2e925a,0.009011544429935313
ck_730226c2d216cacc,0.060049587085510114
ck_bdf837d761a7cec2,0.05247843858435123
ck_0b34197335ba3341,0.010255413629942223
ck_49170c4b31a20f5c,0.006243904124111684
ck_cd553ba6589d8bfd,0.013100511126377992
ck_56b992c6f136fa5e,0.012349456990812626
ck_8beae3d7328fa41a,0.01746917308458381
ck_1a065ea906ae3d6a,0.006518588633334917
ck_e9e3381d5e0e5051,0.0031592804605468736
ck_a6d4f998dadc90c2,0.23701531764216044
ck_d36733da917115a6,0.02405971377697568
ck_e738e920bbd74a7d,0.013191804935995963
ck_af65eb885a51048d,0.0014088083464477835
ck_73f4eb09af29b1c0,0.004257588571474265
ck_8fc641b1750a2542,0.03256168627757044
ck_41b954c7a948c060,0.051404444384414744
ck_25fc3010e8a0f6d7,0.21267652924013758
ck_a2624e0387974e0e,0.027515299579457305
ck_5cb9d7b2329d5ab6,0.048085149814052375
ck_6c83aa1d100a7cd8,0.10658417184167675
ck_67025c64588abd1e,0.0059714004537939035
ck_f5dde68f6f0468e1,0.00927206606374662
ck_46bfb2cfc29a6d2e,0.12190252780850987
ck_49dddb894d33f6db,0.020007849935574494
ck_f738b633b8862d18,0.006892467259799539
ck_3d6c3c00d854f5a4,0.23170351387687269
ck_cdb8061d8d1a6c5f,0.01308375824552467
ck_5e1b81848718bdc3,0.016722834583943212
ck_8def763034187436,0.00874892731397031
ck_8f8e4fb9c6190272,0.0021795811908600785
ck_368b968b5f33431e,0.005933264891540454
ck_ba7e347251ea399b,0.011281562819153762
ck_9075432001a64e75,0.009636057616510795
ck_73c5371635aca173,0.5183143249519451
ck_81793387b38047cc,0.02547631330707506
ck_0cf220816e320ac5,0.001485595474320439
ck_820219bb9c761b52,0.005958015073764419
ck_70a932ab39d86a24,0.004911585699207573
ck_2c4be237a7ed79c7,0.012595570978564218
ck_acc764b49ef02826,0.5196833800202345
ck_74c3c3452e4e7cce,0.007080529642274947
ck_34dfb57e5bf31d2f,0.012960230795952894
ck_6ec39903f765956d,0.007062516004077051
ck_5986119e7d81e831,0.01904849321911974
ck_2ddfc948b8eac752,0.09777798364251339
ck_921ff5ceaf40a968,0.03831075865195872
ck_fb3b68b4424b5f92,0.016333207826919844
ck_c3db1b3ad4f16679,0.013702231798281474
ck_124a197be41687f5,0.006514282052708634
ck_c58d9151834f5bad,0.015930429380915066
ck_389607982eb6b701,0.8195565582431209
ck_fb0c138c003e933a,0.0013442157726469219
ck_50d0bb7edd8c69c0,0.028142737613817647
ck_c6cb651149dc9a8a,0.031132416620127733
ck_81e21354e477eceb,0.042375306511208494
ck_7696e38b3e4197b0,0.0012837621307037698
ck_586001d3ed9e7fbc,0.007931450225928616
ck_bba413492dc46f2a,0.01680234271507531
ck_95b894380ad2702a,0.03127190749814987
ck_277621473369614f,0.9997196729341516
ck_a50621b5eeca84b4,0.0017401195346912286
ck_bfa7ba218b988cde,0.04190039409613204
ck_5ea89567dfe78e4b,0.032637324097549755
ck_6c679602a6476ab2,0.046537953291637325
ck_d3885e286b3b11d2,0.013658187619439214
ck_cdcf6671b37c9c92,0.006055613437858389
ck_b5c93e6d34f8d366,0.011171152349341278
ck_c24f61925dc158d5,0.03524575649279637
ck_cd09375e6c81d2c4,0.006513888900474189
ck_a95afc7a00303a26,0.21550244713804517
ck_8e89ca8b39f3f8ad,0.021756730542777047
ck_9a84b396aada3fa8,0.021972061142361055
ck_5124a2e415384945,0.028727488609228437
ck_d66bb1f063357f99,0.03479893997261166
ck_0fd9312411b0ac55,0.028489161449831716
ck_ad8cbe6e27e47ede,0.011022241226179808
ck_8398adeaf41f9cae,0.012781552263615012
ck_dcf851e7bb5855d0,0.0009862494042094468
ck_9affb0f26776b642,0.013939433613040321
ck_f0424b3b36bdbef0,0.04295757296519779
ck_66746d1090d6d9e9,0.002957687852097405
ck_e5f8c8a5824db594,0.008885674043956706
ck_3e91dcc209431984,0.012768407196221753
ck_126a82e8d42e5ce6,0.01736867629170603
ck_38e4a74ab256e2eb,0.001620591699896001
ck_1225a97fc413a419,0.01629913456640988
ck_9b5ec0f78e160e65,0.011824133573502439
ck_7c5529bcc079600b,0.02192723857381597
ck_29640fc2fe81c251,0.060701764206904305
ck_160e9ba0a3f7c1fd,0.01700346843403452
ck_bff090cb4ab76b9f,0.3288193505341083
ck_aa06ed358e43db69,0.04228708995476443
ck_7264486eb512d84a,0.047924027634422287
ck_f5a32e6160b28379,0.0318342067149276
ck_4ba8bec14c2217e1,0.0033673237756700553
ck_610815786d729d2f,0.07698989465937357
ck_e267999226b6321b,0.0004925780394879489
ck_f3996a3c8eea1ea0,0.0008899878907888976
ck_e9b75ed7567a3f23,0.011633060080036645
ck_d21612d48bb4f7b8,0.0008625102001742538
ck_1f871df76c6a995b,0.037464980903395624
ck_953bd5de48ccd70f,0.6844645754083988
ck_02a9104419a6dbaf,0.0344039158038261
ck_1eeeee651e05d535,0.026186971928968794
ck_e2ab04136a442a98,0.0023839953621485827
ck_f0d806624ef3d359,0.004087819215667497
ck_4b68b38c1b3326a3,0.004946079496591239
ck_74e60495f8861156,0.011674856474436283
ck_398f3f4cf05c721b,0.0019524769167053148
ck_f761b7650a0c1a85,0.16330587450182604
ck_7dadef33f5e2d94f,0.9926575970066176
ck_6ff6883633b8c7ba,0.0010789582254608517
ck_4d2159603045109e,0.003909577372220913
ck_a38bd07a5fac5c9a,0.010431216292178773
ck_f517f06551e69507,0.0023778404674181255
ck_a7ea00a1760ad561,0.9963291141512135
ck_31fc51d5a3dfe16a,0.015020838371953688
ck_bac5233623b25ca4,0.0029742844646090767
ck_385188ab27784fe3,0.10944487391423263
ck_9947a323bab5cacd,0.12304386249241547
ck_7973edc9f22ee7b6,0.01679271488508411
ck_f97c477986043755,0.018773731547901986
ck_1a3fd2cc4b4de196,0.004019605970576668
ck_e18ac29ea62cb435,0.04660245204641153
ck_9720a472a3e0140c,0.0015762123428010046
ck_668c7fc7d7e47c0e,0.04058936350005613
ck_214af0806470ef48,0.007929468064241343
ck_a46c1773f01f0be7,0.03721090716079175
ck_f2bdcfb4203ffdee,0.04352555020869441
ck_40e84e6ffe788a4c,0.040189869819126596
ck_dfc6f5712d8d6678,0.0658934605067515
ck_01ef1036b2e66a4b,0.003371959927916186
ck_3acfec10eec32f9c,0.01814805032901373
ck_084a85145c15ed77,0.02332968432695341
ck_fcdb4fe2f095fba1,0.08483072110014075
ck_023908db0a193076,0.03139070049495234
ck_fec0ff92fd622253,0.008284658896075228
ck_c009c97d5fafbced,0.0756290096804297
ck_eb9f0c06ee017ee5,0.009338105058464932
ck_d7792b429620fc24,0.0023940819320386266
ck_5e9e149a3b69c726,0.01167127688268891
ck_ce927322ef8f651c,0.0055966981962150995
ck_b8fd61a8e82bce32,0.9767410595870706
ck_9aafc33fba1474cb,0.0007228604661893434
ck_ce81ff9b8b35562f,0.08164508276686461
ck_25bfca1d8eaa152d,0.0012526572517778279
ck_170c65860e2a7e23,0.012632571814864062
ck_952da7ca9f33decb,0.10503139018808193
ck_1ebd574406235957,0.00917393320683031
ck_589109a188adc2c1,0.0075036597942316945
ck_f0cbd5383bb07778,0.030339156434126484
ck_242521e261148fba,0.0020017255611947346
ck_509cece86a558de4,0.045701423197177786
ck_0dd7c5925d28755c,0.022704488365168505
ck_a7e669cf1c3985aa,0.005323538716944599
ck_acb84dc2351eeb76,0.002171955082153228
ck_b837c7dac2a9b931,0.046200740019313534
ck_18eb1f9181f95df4,0.0018061051869662434
ck_b0b9047dddb1ec84,0.014148189694969471
ck_43aa136bdb0a2832,0.4595913861624779
ck_3e47f8c56c811700,0.01898731617039974
ck_77c587d24695ea15,0.010598156427663744
ck_20578ac693ea4e93,0.01916192229111111
ck_b9f6040eebd1605f,0.03170738562360693
ck_ca9d86f65cfdf018,0.07621296057494083
ck_a4fa8833995c716a,0.03273118633483657
ck_f589f1e29301b5fd,0.00916861173472535
ck_961ddb8ff55d868e,0.0015531392149922836
ck_5662492a54e6688b,0.3553295326804885
ck_ad48826c1c26eb78,0.2387796584913648
ck_621c9ddde6bf2eca,0.00798365715017111
ck_417a3500b2c717b3,0.029089017562485726
ck_c7e129058beb3ac1,0.012373256931023067
ck_ec1c902b9b9b9c5f,0.026523368279525884
ck_317360ec0a67d27e,0.04407743265319448
ck_3e3ea5d8c4a229dc,0.02353365200569299
ck_d11d27de7bf0b973,0.006612713105699511
ck_d37d56e931105db0,0.0029074090189148225
ck_4863077723cd6ce1,0.005988067656057357
ck_479a065d5903e9c3,0.011959333869033842
ck_e66ae4fd586fedea,0.006229621635366672
ck_192bbfd0d5720134,0.0056684783553159965
ck_3b436cb29af99f3d,0.015728357008762222
ck_7c7ca54969eed187,0.03720795289539965
ck_826ee896c9f1144d,0.11723046929309154
ck_ba1f6dd43fc8a0b1,0.0047976725983972365
ck_49685deb63e4e8f8,0.006434255176028517
ck_687ab5d5554bfa79,0.009924955555306694
ck_41346ccd9242cc8f,0.00041785285045196414
ck_8f8e5e2b9dfec3d1,0.036218045414113116
ck_94d5ce61a0c50465,0.008428701392936692
ck_6b954c75aad8c012,0.008028547585075348
ck_748af92828c9d288,0.0026613892406667132
ck_dddd14091ce812c2,0.01700246742640757
ck_723323f6870fab59,0.04344783406154285
ck_dbdf8d0708cc6718,0.005013379878291049
ck_f04938570a154de3,0.006935927344577999
ck_58afa1550b3b5294,0.003994507324150587
ck_3b150afde386ecff,0.0025238251651854833
ck_666b95e75d99ec4e,0.7728518981176642
ck_e00332597cf1eb24,0.017571312235807754
ck_9a9e3dac79280d7f,0.04625705047656461
ck_e8d37262e859d9a1,0.005409866576624393
ck_895bb39d24bc1c4c,0.0028223114523353637
ck_b367449195e36499,0.015026734528564279
ck_d23f9a50d1135ce1,0.057851568747285455
ck_670dc4910cf476c2,0.00966130281392841
ck_3ecd8a5ce65e21ca,0.0020547470148765657
ck_8584fea2df4c6317,0.028894419809923837
ck_0789ff4562202b20,0.012786696708002034
ck_749e0e50c3907be8,0.007848923688711247
ck_c3ff6790cc6d7e34,0.01597157895329849
ck_75fb7e56432ee4b2,0.0020896733717242354
ck_529fc3170fd11abd,0.029690358676627237
ck_34a69b3b4a681796,0.2879430117192468
ck_255f0e5888ae9e23,0.03668707187367175
ck_65be698386474170,0.0025392012916603873
ck_5eec9ed855c26000,0.05575568258527269
ck_5ab39bdc9610f6f3,0.3050686213690498
ck_1b5b75762f033462,0.01218628224905502
ck_d3e208671cf37f91,0.9581558812445747
ck_5068ee554ceff971,0.003466733251751223
ck_d7d50fb57fcb2d0e,0.001898420261738202
ck_ba6e1115fceaa067,0.10978525456910633
ck_d07bfb16a4a7dac0,0.7184071400761814
ck_ead68310311690c8,0.17597399674527622
ck_ee53ce862bc9c111,0.03546354956865903
ck_97e56e6037024dff,0.0005832230549440709
ck_80b04344c98ec072,0.026143175054335256
ck_5954f45a2ab45f43,0.023195779168649077
ck_18ddf7e836256e3b,0.026627550656218257
ck_89a1a780144d808b,0.011973048485623236
ck_a7331e8b808c39aa,0.052024062042930946
ck_a1fd0ad03ff9b776,0.013421040714195212
ck_c0cf50eef030b401,0.008185541679515572
ck_074f20921189e7d6,0.0031956198610262193
ck_e2aa7be60794593d,0.03606175442670933
ck_72771757dfb7f7a8,0.011988136734339808
ck_a9cd84a6dddfe584,0.01911520944169298
ck_142c00f9f8557504,0.03233535040038132
ck_221b5d40358230f4,0.011068328896529925
ck_a2d7a563f520b7ea,0.0024087514153919984
ck_66cd34bc568d95e0,0.015324328809990911
ck_a17128972d3e507d,0.004752333939598117
ck_bda299466bb2136e,0.022419052837342097
ck_2b699066665abe8a,0.005252347800466655
ck_0ac9848bd4ba0c14,0.007503075102612704
ck_98d2f9a6ba3a3077,0.879010580939218
ck_a872df31b28a5f7f,0.09187635473797823
ck_7e73e1d44ce82ed9,0.006552481108794399
ck_1a415416f620d49d,0.020701362387122193
ck_c95c786d2f8b8edc,0.0033835376493168384
ck_e45012f22b7f91d5,0.004535607721530544
ck_aa0b083e2a6813eb,0.03662930679485652
ck_4666232ddbf77756,0.055169249344894825
ck_e08e9c8ec5f23d8b,0.009514828235542389
ck_31d4c0518e5f52c6,0.0022808425149069625
ck_c1ab40638f04cb02,0.004131057994500293
ck_4c1fdd1669c7cf51,0.012089329413349517
ck_11662cc7940ffc82,0.06778267766902935
ck_2e679af24adedac8,0.01179521832581218
ck_454b9e21b7f25a4c,0.012834486822168851
ck_355c4f29089731e8,0.37723401879998675
ck_507e40760a24d2d5,0.040479016414314124
ck_0943e0f305078e34,0.9942133892827785
ck_abc54ed7111e9ed1,0.01762485196099286
ck_a60fe02fc04407a9,0.02575532199067382
ck_244b897bb4d57c1f,0.0023040068054791278
ck_8c84fcde93a04334,0.07309558488309316
ck_9eea37d2de633b27,0.05150284532609916
ck_b2cb9e6610eca967,0.006407678752306455
ck_09aadb4c41b166f1,0.08331503243499944
ck_8d94fbb4828ef326,0.05765103507576707
ck_089e3a07abbe3b8f,0.0012611464025716651
ck_dfee9de05e3971cf,0.014246159818503641
ck_6abf8302ce052451,0.10694123054841617
ck_6ffa90143838a4a2,0.007396603847026697
ck_325caeab5c7a9c3a,0.0014404576010563284
ck_1964ee9db929a173,0.9203381953147105
ck_942b95988a6245a6,0.01482500110943513
ck_913ecdeeb8e21a9c,0.0002632240958771882
ck_ecf9794349eb4b3b,0.011619729404537146
ck_b6cb8d6ae828eed1,0.01626956354528832
ck_2f82ea66c4f53b33,0.06566660544682994
ck_6e676daa4855b58f,0.0415719941779441
ck_2a37fef48b44e9c8,0.010102780337684157
ck_3bd12d468fdc2450,0.012105928220335786
ck_1a28b6a40a6bd3b4,0.02496685073709573
ck_61b79dec96d15713,0.005512824761403109
ck_31d5e3daced93d3c,0.0032299744940148816
ck_e6c8611c0cf233d7,0.010423424933590938
ck_f04761b4a937ac3b,0.011061726120390466
ck_38c1c75cf055031b,0.045796136257349976
ck_59a561f3df01441a,0.005441698988145605
ck_04e40f556a5062ef,0.007359704157629213
ck_8409716d174635b6,0.021470290735777692
ck_3019afee83342701,0.02128909138758313
ck_b51a58e7f032c9a8,0.016655055511812795
ck_5043e474f848346d,0.01454753877413545
ck_4388abce33ecd01b,0.5354915450635847
ck_c93def7392f0aff5,0.13850901379722264
ck_72e7b1acc19df820,0.12268150138707941
ck_f253130dc3ca5b3c,0.022528556659353195
ck_eb264d1b180d4b4c,0.1107768109252066
ck_c2504f5a113433ee,0.0005224821615091453
ck_c16ab1e4dafb4910,0.1194879412253986
ck_4bc42878fa180991,0.012789001270821497
ck_1c771a7c78f6622c,0.0887789011427579
ck_d523f0e50a2747ad,0.0016004247055813178
ck_9060f4e7ab7a1b0c,0.011910328075461133
ck_6b55ec4e87a5e22c,0.06069698233372891
ck_55fc62a5f89a7251,0.014103964385510507
ck_bd2545c62f258231,0.04059458592388801
ck_1ccdc69d0bb712b4,0.039898449493904316
ck_710f867a3bd5898c,0.012203569408461321
ck_f91d48c40337d375,0.032006747702422504
ck_f76d929541ed41dd,0.04921899735465278
ck_e26a6659c237b650,0.010374597181643633
ck_184983177b73dea5,0.01179010701711022
ck_6d0d081bfa8a0022,0.07274370209200348
ck_2f6e64f638da0f97,0.010342457314846535
ck_15b93103ccd38609,0.0018550554620536245
ck_094d10439b7b4eac,0.0397806386383194
ck_d2ca47180a926ba2,0.045801585870091095
ck_a69ca7b9d70972bb,0.004882629529575847
ck_68914e67343a7d32,0.003844529522380827
ck_8176616132458c0f,0.010045463373611152
ck_eee99af3598311b8,0.023982498249509352
ck_94410eedfca91304,0.033280611278445595
ck_cfb11a0a2325bff5,0.005219336756533718
ck_75217ee144b715f8,0.045365427224523844
ck_d56fc799542299b8,0.004001975554023165
ck_4c352dd3e7c81269,0.009246154877383407
ck_e23e50e02cb3904d,0.02833220140047219
ck_b921af37d500e139,0.004115633414317793
ck_82181b935360dcbc,0.997300514162481
ck_22a7cf3b99c5e5fd,0.008494497437249272
ck_f67ee7910d532216,0.007591773081352863
ck_5f48762a14a0326f,0.012109203043584524
ck_1757fcb0e6e3f88e,0.1614835511755319
ck_2c2f080ba185016e,0.039185027109026806
ck_4c25570eb72711b8,0.0084675836786011
ck_a3be871ca22ac416,0.01554658851795462
ck_ab70961e7c6695b2,0.0020655576282149635
ck_a1cdebfc42a52448,0.008309536200990005
ck_f1b80b821a20186d,0.02740122799229046
ck_ae668e4564cd2aa1,0.034634540468078755
ck_0e2bc3a5afa439d8,0.049614672408352836
ck_3dc378f37d0b74b8,0.024550621584685385
ck_9f9555197480d1cd,0.037794964593068366
ck_bf4e7d48770a4a8b,0.09668823266270775
ck_614ef655f0685060,0.012140015844425185
ck_04d2ea38ee27770f,0.005193338327918745
ck_e03a9d8ac94161d5,0.012423995816459954
ck_d4007b5b26d9d854,0.0033981006311995395
ck_2dd147ce6d61749f,0.04239831642314474
ck_ff45764ea7d6619f,0.01023938402633807
ck_dbc487cb0a6c18da,0.36758365708040264
ck_791d5392bbd80447,0.00106823317517565
ck_b4068439c413b150,0.04854426996455932
ck_85df7b7de9700aba,0.015302117532634866
ck_001e42551cd06e40,0.021796193343539737
ck_a6c02ae50932cd9d,0.04838942348520875
ck_9fd0be2c018ff5e4,0.07272091635326132
ck_32a495128395fde5,0.014406480721350028
ck_b6f2a2fd232c141b,0.1652796774200058
ck_28dde633692904b0,0.13321516603925906
ck_a1a93c5f375f6021,0.01902345603258843
ck_e3982142336782df,0.016110515327374578
ck_a9812ff3c111ea94,0.051616633599421285
ck_f04062216f95fa00,0.007059675409196443
ck_7c560467daca735f,0.001242334954859837
ck_76ee10d6e2dba70f,0.07573842930171598
ck_3521243bdac61178,0.004107195627165724
ck_28588fb03b320520,0.029806611307341815
ck_580dcec33ec232b8,0.018439357696931245
ck_7109923fd7dab20a,0.0202422716446459
ck_7c872c99481c1e9e,0.011060440716344206
ck_46f4e1f5026f4d1b,0.0013999216332369455
ck_00d1ebc31ec4653c,0.020308344610461403
ck_aac70764dde15168,0.00200351379463144
ck_648c03f9aa4e45f1,0.009303006792859725
ck_5478eb69ef912785,0.13974636573706642
ck_79b8523137bb2603,0.008534312221513426
ck_795c49f312640019,0.00022338006453169294
ck_89184bf7b7fe41cd,0.22682327080210607
ck_97d4bd922996fa10,0.049267335642482944
ck_1cef30d08f3a598d,0.0032002271494482063
ck_2f9fd36a4a40a6a8,0.005423114644799874
ck_40780fc0f8d6f309,0.018476148690730936
ck_9083ca9fec2a7f4c,0.010483980955083159
ck_62081bc35aa59931,0.020229269598868508
ck_2e1b46c5fc56b863,0.04131080843615346
ck_3d139692c51b604a,0.03041809555584767
ck_b5e54e22e3d6960a,0.005531513198225435
ck_c0c4be3f44311b04,0.0076162233313016355
ck_82a8bdd2692c2a5e,0.0023336583514246842
ck_bdd2da300b530c5a,0.005814748680027877
ck_ee40498cd97183d3,0.0006666535918335642
ck_70b9274473bd6dfe,0.004441469289514123
ck_473d6314ea614b29,0.0031296850891578717
ck_7443d6dca8cd1352,0.021459950150967723
ck_3b49768b448b071e,0.024239922558234966
ck_b43f04431c267dea,0.004905812599815188
ck_4424a5223ba2fe00,0.014479851372637294
ck_819bf3e8231f4081,0.019668885631714067
ck_91d417507a8c58cb,0.1445748623663095
ck_e88e86b19cada4aa,0.002567212547915805
ck_59684167f9c6bf4c,0.10325361722527493
ck_d5f5b0dc97b9dc27,0.10221680610173392
ck_13d1b192bbff8f32,0.006127237748042162
ck_b21d8630387cabce,0.014445012233995988
ck_e4ac22046699b99f,0.005878597455361179
ck_74b848064f2ff45d,0.006599837465822607
ck_166aa980cc87fa77,0.042474549029810967
ck_98e337806104dd88,0.0021553300556138378
ck_66eb09be007f0755,0.02467854673642245
ck_3ec9b9d8dd7be11c,0.010916422345691696
ck_8b8b9de339d75d0b,0.009133507423686814
ck_6715139e240007d9,0.0014561186999680236
ck_a0255ab46e122d2f,0.014597710548963264
ck_66e81a4190c33510,0.006208397864763724
ck_5d75ea4f5c9080bc,0.039701584226409
ck_df69858b8a8b3165,0.00909200807292478
ck_e15252ebd7553422,0.004277906249869552
ck_34d6d74bb3ed11e5,0.005880761412949482
ck_c2608f78f6851d10,0.020564703805810398
ck_bb99071e8f58c8a4,0.036351646874498024
ck_06010f0df5b7cef8,0.02481050566093391
ck_8c582eb0f6c0148c,0.00763857200185401
ck_0034d010d28aea78,0.004761175028996535
ck_01c1f06692566ca1,0.010435845518013638
ck_4807726e797fb893,0.004517635974054318
ck_edc9668282e3c8cb,0.22976762434068626
ck_5486768475af7bb5,0.7220123178922563
ck_3fb9813849e51837,0.0023346725218825488
ck_861af5a9a9a6d619,0.03850765849520202
ck_da39653add0f1109,0.003783374178766187
ck_74a4244eb1f162e4,0.0005312665082317195
ck_9a930faade55b8ea,0.0023018929501247287
ck_fb6e06ca88519dcd,0.008179684623675354
ck_9776cd8263a9f415,0.031188915790958085
ck_b3dd1198ac5aea73,0.03248671692557997
ck_b6675a04df1a4276,0.11696093097605122
ck_5c7ad6e731b69333,0.2966954254257282
ck_28dc0fdbaec00580,0.23609604825441127
ck_8e7a32f7e3905f4e,0.015382876710596965
ck_8563fed6674afc77,0.006702036409707763
ck_9a2fcccb82da663e,0.004150859960182624
ck_6a519bdac0d94527,0.0033526661865775427
ck_a0dab7aa9c4a39a9,0.013420780571057342
ck_a3ce05e9e5e32142,0.014840417238312954
ck_7a7e40ee3f97c035,0.016753304193850557
ck_9e9a830785112a73,0.006011553328304912
ck_ab1bb02f6b189304,0.0632183316053175
ck_7b8cb0f90fbdc8c6,0.0009440301069600305
ck_b138fc249e659e60,0.0073771394617746615
ck_e73caa3771ec5e0f,0.043068229175342254
ck_18a55b06ccccd88b,0.01868229017441698
ck_fdcb1d9265d8fec1,0.007520757730916607
ck_e21a900556b382ad,0.013811999983969465
ck_c6bf67470f526771,0.0044360809898593605
ck_b568ba3837afb39a,0.0019881221840337
ck_a2858979dd5645ef,0.0016378835183504443
ck_1da9d40837ebaa57,0.01571684580166554
ck_9341c7959543c542,0.00843995048636025
ck_c8ad86806b9a2369,0.04391732935226408
ck_5c85d93ecfed4b0e,0.0033837848615179173
ck_f07b09879d697b82,0.011600148293238174
ck_fe43da07608b1749,0.014185169080882283
ck_4bca22b5926b9c28,0.0007416801859359864
ck_aba573aa942b1d41,0.0020170422985681153
ck_57c14e32fa4683bf,0.006494989844526323
ck_891530b489ce402b,0.03226648936469595
ck_5e74fdadb93ff293,0.05601314681212185
ck_14436a409ebcc90f,0.000671488340358654
ck_00013fdfa0bd37dd,0.004469746704203757
ck_7dbe24ba01316775,0.03875149538795412
ck_0e3f80c1553c591b,0.011305848998567939
ck_3edc45db58760d76,0.006759364250580383
ck_29076a13f539187a,0.057631455076231665
ck_b1e81b58b9a545ce,0.03783775108695463
ck_3f8571d4f7420b2a,0.06651842902399092
ck_7dff6abe4bd644dd,0.5642382025384544
ck_2884bab237af16b7,0.0012988701367017748
ck_231e6dd1fe708000,0.01727832638302072
ck_33ecaa7b892e73df,0.001820950010238778
ck_b109ec4c63503030,0.0008829703303494434
ck_a7f522382509cef1,0.007248318636078618
ck_748b3ea941d8b3b9,0.060183536092742004
ck_29f3a1737a2d9634,0.014479745611259164
ck_cee8d42475a0f020,0.012816594615179852
ck_c6b6ebe145a8ffab,0.039983505032465484
ck_21c99e1d6b881894,0.007784906723136429
ck_5ad798286384484e,0.009107595033079785
ck_b621b6ffcc7f4848,0.006307449008799723
ck_ea819e337233475c,0.03404010212507529
ck_9e3896c2668ce06b,0.009551227899822328
ck_501dcf1ead036d2b,0.18814916238362397
ck_8d5eda29a2cffa3c,0.18718510834924126
ck_4d3aa36ff83f1132,0.07072854824447593
ck_8e9faf94e3e6c757,0.002293233996034718
ck_ce0ec41f96951048,0.0050902539868126154
ck_f09165d73ee903b1,0.009481730571993639
ck_a432b1bf1d3b3d5e,0.1977425534690335
ck_ea618f720ff0b4b0,0.037490376896628465
ck_7584e7bd755cb28a,0.014548751122356
ck_e14681aad43e1a72,0.023901970645608173
ck_5e18870d8e30e379,0.0015794907156551348
ck_ff7c26a62bda8089,0.0026249819813019596
ck_cc5a35175d381d5a,0.03165544749379783
ck_3c25029e40aa8a84,0.004095300908349842
ck_771247b5bc16c12a,0.002288132671841061
ck_664b5e02759f985a,0.0014454497584479122
ck_692a9e8f504b9762,0.0014937809724666733
ck_df8ad2deb0a4ffed,0.001599008616050332
ck_eb48c0bcd12ea654,0.04059158703944084
ck_7c77e597c951cdad,0.010592045438184145
ck_4f75144c6f3b13ad,0.0051592452642997
ck_1bcff399166d7c43,0.008475015254621856
ck_975c2aa3d4a8c51a,0.00467621470182202
ck_bc6f07b06aaa4ce3,0.10358181755647179
ck_80b072b7f3c7e8e5,0.0017034128802672066
ck_471e4018a23b4e56,0.019795832874900457
ck_53cddfba570b4a3b,0.017344894159230916
ck_630530e50764f229,0.01077398804577656
ck_dcef7887a4f1e435,0.014468442952399426
ck_2795921a055643f6,0.0022881151945976013
ck_7456df89f3792235,0.006864271026480852
ck_5014a3b07e1f049f,0.5737857578011056
ck_d4ec44760cbe03f4,0.007682021432213804
ck_96810ad39d4cb7b0,0.014424965481634718
ck_3222ea25aa29bfa6,0.0025865487793894715
ck_f6c42001b84a10cb,0.0648019492197738
ck_5ac86682385c86b8,0.00413612099355687
ck_4280c33af57eb4f4,0.015549809209619228
ck_05f79ddd8eefaa56,0.013380502867862631
ck_3a57a13ce032a6fe,0.018683598328712917
ck_a721f0d635fad68a,0.004313175309426579
ck_a3f821bdf408c326,0.006010690871881997
ck_0ada63008be5685a,0.00455094855423477
ck_8c949bdc6e8720fa,0.025580483736844673
ck_c0d2c56f9c722e99,0.988284181231244
ck_5d2b9e6e087b8dfc,0.9994835883679233
ck_5217b55593a332ca,0.05656034692951088
ck_7a7bb9be5a7e48ad,0.0017246996712651144
ck_24cd0d779e866287,0.003879401876116285
ck_7367917891a63771,0.011506306085557168
ck_4b31a8862a857e6e,0.8336001188760901
ck_81429c4910ca46cd,0.000699524965697903
ck_b35d803568f82d9a,0.011514390389451512
ck_4b00e75c2d2d0522,0.0035382814645088974
ck_77fced07f6dff42b,0.022723600285662008
ck_3c9a06eb07c300e4,0.005806161653374683
ck_b3867f7f494db64c,0.006192994355068489
ck_0c45e54897ab34e2,0.038183972215252146
ck_507a6a580ab55c76,0.13650347167164253
ck_291bffc7809f896a,0.006938920217187637
ck_3753cc5b9d02e2fd,0.0002981087472272122
ck_4f63d5245b3ac1dd,0.004790935150982488
ck_9dfb2ae78659240a,0.030188993676993566
ck_90f6f5ced708aa75,0.0034490055956987223
ck_8b5b5a6b5539e39b,0.8263198471143535
ck_4719112b55d20161,0.021394595880274803
ck_fec888a7108ca52d,0.9965988907982763
ck_4f5d022c99f118b7,0.027007887414011496
ck_e967ff05514b697b,0.048715779754310275
ck_839ce35819bfa4fc,0.0011733256993306368
ck_bdee1221b9addff8,0.0018490090205020148
ck_9cde4036d0914427,0.018870964377041752
ck_5ac959cbcc5e98f3,0.0024108764653298508
ck_619842688294dabc,0.002155739421229098
ck_7373d7b04c7799bd,0.02373125701698223
ck_c1dd3feb9a0b6471,0.00811877658532651
ck_0324a4812ec319c6,0.001995070734023636
ck_7f3685aa2933b251,0.12364654307314499
ck_06aee5a62a67a84c,0.0985159933656885
ck_3428910b44b9d08f,0.011455570097481374
ck_c3ba7534cefc1de8,0.009114847139354287
ck_1f1273a67cbad5e5,0.06981407204491855
ck_124565a11b2f8bb8,0.0018086364268878345
ck_38e46bc861e0165b,0.023268292598646736
ck_c8ad3f01319c065e,0.010709137674589187
ck_3f94a34f5038f7c1,0.09179372389023417
ck_cee56be5a502fbd1,0.28112431993047354
ck_2b90b76cf4d162f9,0.00909200807292478
ck_884b2e463ff1d54f,0.028051197395452084
ck_fab4f2f8531b4827,0.0060245127731054105
ck_4fc6256e0e60a926,0.4741334281419887
ck_0a2f8b2f8a5b6f02,0.01043795563757499
ck_9c0deab8a8367c5e,0.0011514639102925685
ck_d3a2a4c011fa2554,0.004914118627782562
ck_4108b4038f762817,0.009509956545582945
ck_4df036e2aa7e1056,0.0033430333984032345
ck_ec094eb1cbb3efc5,0.006392964236736088
ck_09f8f51bfd2492c6,0.009984410672185143
ck_b60fb9a10d6f4489,0.08365800746019157
ck_3638bc3388dbc1bc,0.03701716337071078
ck_7a58e0cc9943c39a,0.010255544229377071
ck_37dab6a0a536ed49,0.07403702989928572
ck_adc576690df5b33b,0.008227023445505527
ck_1383b2b1875000f2,0.0074592117732310646
ck_43c1248db37a2eb0,0.001295653235996706
ck_29c11bd68858e923,0.010330921796275656
ck_9401f9e11f65337d,0.09795147796484535
ck_ce5ed372b1a2ed6b,0.019765879190518715
ck_08b4619490e751a8,0.7965834510865984
ck_44b9125526acb05d,0.024462262091285984
ck_ef1a1de20d2124cb,0.03093058619235667
ck_e5e2624b7fc89774,0.022231412850785625
ck_f5100511609b92c0,0.001396088655764205
ck_64f3bb17101b7c42,0.004347281025810076
ck_ea1e5b5128ecba2c,0.005647351624351162
ck_516163fcf04d5e77,0.012117697216008022
ck_7f9a748110d70005,0.02866743758748335
ck_d263b55f0a681cce,0.01042659602617719
ck_0e962eacf98a813e,0.0012918603751447325
ck_0406931800e0e2e6,0.11348448342345169
ck_0e9b982afc88a3a9,0.9955195748808621
ck_8bbb625384edebd7,0.012728668729325493
ck_5eaeb87bf6207406,0.9813170025280622
ck_cc3318839c4b0745,0.009151113147635642
ck_08a0355d1f1890ef,0.005224779720033413
ck_af7ffd1a822460d3,0.34520606845781043
ck_2a09c7aa870edb6b,0.004185528297952176
ck_bc04f51c23290bcc,0.007166649950882935
ck_d3a8333cb389f4c6,0.014785372823315572
ck_88e3dd3039508332,0.017368487520559715
ck_b8c7771de9b57705,0.03364728440143779
ck_585ababa02383b50,0.003391810723730461
ck_e988c108754cee9c,0.001355708640436549
ck_4a691892d9d6cf89,0.007182540230913801
ck_7cdce37d895eefb8,0.0027879801795429363
ck_483fb981a1fb4317,0.0016096685248388944
ck_c1e5182bd99e0e35,0.10464885782333679
ck_9a1e3ec9a1839939,0.005011961474370439
ck_5c3f13de0dbd5086,0.016482682721287462
ck_f4f6f0caaab70040,0.03442734610483739
ck_791be3378dd7d64c,0.004547034405044412
ck_956dd784525f5886,0.008770930413548858
ck_098167eaf124c279,0.02217928493807646
ck_33ecff7914349ebc,0.008908271001134371
ck_e05d44e46c7174e6,0.005940611535175049
ck_1b2ce474fa6582b4,0.023933500325539384
ck_ab581082e8f72e3d,0.0027759926038614263
ck_e63256667aa19070,0.007649144751850886
ck_f568772b6cb3febe,0.018118643656630275
ck_dd89a282375bbab6,0.04866015787304664
ck_a39d0bca345b492d,0.01946706307218544
ck_d12d2924d0f7a64a,0.0018900078821156051
ck_6a548da1728b5823,0.9971129728454514
ck_6d64193681d2a94f,0.013672800880037252
ck_ced6b6dcdc7c201a,0.0008807921788675067
ck_d1b0699d26282871,0.00911482580750147
ck_58f757e40a9b8877,0.15597833712053755
ck_3272c2c4a37d5220,0.5431736369164949
ck_d94dfde9e03c9d1a,0.01678329444354444
ck_08a6d4903a7fbaca,0.009783239844329102
ck_6c72a36b05fa0f4c,0.01886523970361874
ck_dbb4bd4eda97255d,0.010385981660112604
ck_94b59bbc824b307a,0.002325984925442118
ck_0229a07185f15469,0.016144510756612728
ck_11bf1039f8b3025b,0.03571202942352431
ck_36789ca11459131e,0.014992000300181604
ck_8572c5f5c1447c62,0.03638190761619235
ck_9e75c6641939f4fc,0.02551255326122299
ck_b45e47c39d4dc7bf,0.007176565186930092
ck_02903c48b6cfd65d,0.03448391231593414
ck_b153386f1729de81,0.09719315015201781
ck_36979996f33498f7,0.20998931994541523
ck_3c02d4dbbf6716b6,0.004409024374905701
ck_66c9a19963957531,0.021429014230041336
ck_bae8dae7cfd8baba,0.004204797934556086
ck_bba0ccc6cd968680,0.07098684057610039
ck_3267fe3aac05c71e,0.0366847131538651
ck_40052cac10562cde,0.0038601429845488045
ck_d973444855403e2a,0.010985060770915225
ck_012519bb095ad36b,0.9986435085228856
ck_ad7c256ea10c4a00,0.2069810348594279
ck_70a60e095e9b706f,0.002619016148552741
ck_f2734417c0db4ee3,0.0016254430025473558
ck_9cb89cc3178e0172,0.002374416731718115
ck_779cc0f2de4d5488,0.09281168441132126
ck_35f8656bf93e3b3d,0.0038427468417450645
ck_bdd8eba728800e29,0.029805047715463783
ck_002cf760d173f0f8,0.015606438516458647
ck_b046067c6ca3831e,0.017537031908831973
ck_a4a42d4bff8af645,0.006589359229187979
ck_bce253d2396681a1,0.0064035799632431835
ck_00dafc060c8de32a,0.008348005192851973
ck_968a99e097ee78c9,0.037804223054760375
ck_66949171b387bb93,0.01010983506990493
ck_ad305286702b1958,0.007602339311428935
ck_4732da7e0d2dfc7c,0.012176148124258714
ck_17a95bba77217d85,0.03249441170036192
ck_3e2516a3e35067e0,0.005949014556090894
ck_0b615ed566da1f58,0.021201609086941988
ck_d2b3ce1ebabe9f93,0.01679029397297127
ck_a892252e4e0c2828,0.004540928129123545
ck_cf606fd6ebfdf9bc,0.017397452311777504
ck_718865237134ebe8,0.030190488264000472
ck_878522cb775b904c,0.04197427991056139
ck_9ed53de6ef779ae0,0.006111116220669094
ck_3f16e2cd7e6874cc,0.02140920495084136
ck_3c59df37895ead2d,0.000699524965697903
ck_6821459b626d492c,0.005391039434805214
ck_11c7667920541587,0.004944668117093368
ck_23a016cf6b98d89c,0.03249441170036192
ck_7137eeb394d200f1,0.02465096132985365
ck_9c4886c5c90ddbdc,0.05889343725732854
ck_1422a7bf7756294d,0.9880158999272187
ck_7ebc5fa7f0d3b8f2,0.001531231329471443
ck_fcc2059a8d5c41fa,0.09751028394982385
ck_00ff7389d6a83e29,0.03306666495631903
ck_03129b41457795d2,0.01249414836008895
ck_38ba64efa7c38250,0.02106346709262818
ck_57a6b56b09bff24e,0.001788889396237801
ck_e3b3c5a80a567418,0.04700055477380356
ck_fc40a16adfced018,0.005058294439255886
ck_9d4b5e6b43bad4d8,0.013222504535241994
ck_61129937ee466b49,0.026315333828958405
ck_74112e47b8629c2a,0.15722807902916452
ck_b4703ee97f94d7fb,0.007020819923286712
ck_e560f720a988d8a2,0.05732770803595191
ck_708fea345f68037e,0.0003442538846282252
ck_25394c1b83e0b803,0.10373826315629182
ck_17ab24fe914ae44b,0.006833354603579914
ck_16c501470d9bb006,0.0018166732583011205
ck_628f449e248c19b7,0.012555503649993874
ck_6d64190623dea714,0.0015842099533196448
ck_504a45ee08db72b6,0.00620668565376274
ck_6cbb011e0c70bc7c,0.0024719204598788484
ck_b3225a98acd04f83,0.004125435128379557
ck_aa37993f1c17cd1e,0.016888651584946037
ck_558cfe5f77a55a9d,0.0035468648401613782
ck_0d0a1a021efea5b6,0.00975381966288683
ck_daf7aea023b7a8f6,0.009040330375574751
ck_d75f25184ece2b51,0.06467876681633271
ck_466d4b5366c50b98,0.017568478423673692
ck_88f27ab479063852,0.006400952689824729
ck_66779098e78c1760,0.010901862550538136
ck_b150fe4efb449b05,0.009167665517159806
ck_9c3aa9f23d01fa1c,0.015529490687816555
ck_6a01c375fc26705a,0.01895910851817619
ck_002eb6552b504ea1,0.07140029022027175
ck_affa5aa0bff9bb0c,0.012320539923037697
ck_027614eeba8b1a4b,0.010473589552612848
ck_67e075c982add719,0.0013462177015142992
ck_399b0d510be98bd2,0.00422812291674549
ck_e9b0bca7368555ef,0.013589214940680992
ck_59c29d9c57b4f994,0.024369553019095866
ck_37176850ed68831e,0.002346671565031859
ck_a0db4ccca08030c3,0.133868878858307
ck_aa188e5c25f7f42a,0.011313062831810593
ck_7de6997178207800,0.007608444353559675
ck_c729d19053387be9,0.02335560105755397
ck_f2d3e3d90608596d,0.20230760777606033
ck_2db3fb565e0211ee,0.0019392358754491846
ck_bed8a480e27e911e,0.01191769774769963
ck_d7ad9921a4d25926,0.046026976334788895
ck_2a59f23fc5194699,0.03128792348069109
ck_63601a58a6120d8a,0.012202144418135413
ck_efd7b9e22c6317d6,0.008556036264988987
ck_9ab42875a0f95b43,0.0357578597501613
ck_85cb5033fca7c846,0.05226631955385113
ck_5249b223000915ec,0.031393956241388674
ck_3efb0e9bf25612c7,0.012084216591057113
ck_678e74532ac19700,0.004211134702749171
ck_a980b296c95153f9,0.0046366586861162845
ck_01ac687ce0d696a7,0.008971356821566296
ck_52e1418cf1aa9871,0.009093543538867434
ck_7d28da4f1dab09ee,0.008280095486173922
ck_010d0c2e6c1657fd,0.03697115129304792
ck_b524f7a2e752b9d0,0.00045747175826067434
ck_cc447fcc24a0772b,0.07991741679605263
ck_2cb3c99845e572da,0.0010459792178025165
ck_604c710141327a81,0.0010808536682851409
ck_8d5fa65717d2e0c6,0.012840814406703158
ck_31199510b40602a1,0.008765963869970105
ck_49e253ea12f4e922,0.00294297363630928
ck_780738e0d71e7e43,0.035721225137865166
ck_2cd21137a07fdd7d,0.0012066396181166618
ck_5e021f2a3b66e256,0.03413442291788377
ck_efbc79246e32c66a,0.01310233417407386
ck_9951bd806c13c7fd,0.04186386387485909
ck_7a52674e2806d8f5,0.04379266158944205
ck_1a319e509f1efa1a,0.00355913770331295
ck_c920901b9a4ba993,0.7223392645005144
ck_b71279e807d0b3a7,0.0021881575918369918
ck_47e1032f490bb018,0.014050480257447167
ck_192579ecdca7ff83,0.014706092642541475
ck_b1496c474c4a3239,0.00510124407799654
ck_5e68ea2c5e893cf0,0.06499514622889305
ck_f2ecab85d4693b4e,0.009792985841252672
ck_89d7bfc81c3df597,0.0011018152994280916
ck_7929284327667791,0.028475256644318533
ck_494ec63c5ce8e150,0.0034640282653421546
ck_319b059bb2145586,0.017967855144819817
ck_ccb3767c239018c1,0.005675585031088415
ck_a1c7adfe26e09a8c,0.010120268336669548
ck_0e13c4f73818149b,0.013901587958496683
ck_c285a51ed6214f52,0.11657558972309791
ck_916784595f028226,0.03945188804227794
ck_6cd8e0196365c474,0.06683858975527004
ck_57b657aba4daffde,0.017183303678392284
ck_562c76a3753fc7da,0.7035479392555036
ck_66cfc1ebc9a513c8,0.0026270394142808586
ck_0f38d4aed68d7d24,0.006947793220924075
ck_d8ddf5e99f7859e4,0.028917791859298766
ck_41bc3efa0fca700e,0.022957715539191362
ck_40799e129fcf42c5,0.09152701300233212
ck_786f079389126e44,0.017647992095988257
ck_bb4c6b713eb0b978,0.012177600984020414
ck_4f01f7eac0efaba5,0.015356115054151992
ck_47d29c01b20cf69f,0.012248585857475803
ck_bf15a1f8d67a30d3,0.008499752788501945
ck_bfecad7586f65e4d,0.0265606403148542
ck_fc9f16df35190eb4,0.3429548028242392
ck_c09c914e416edd08,0.126260552210587
ck_c54c5d8e4433b0f2,0.01011473361571064
ck_1694c28f44480e98,0.06291578752359131
ck_1dcaa3078dbb7571,0.007727584190578923
ck_af559f990c640e41,0.0016958409003298852
ck_9b436162039a77d0,0.024594193815578546
ck_79d62ef181bd0cd8,0.006555646052451792
ck_23caafc2cd34242c,0.005376188162214093
ck_ffe2aa26f597e552,0.011539684899666988
ck_e6ffd0754ac08661,0.003389475624951396
ck_beaacb4a783db21f,0.011104923783139568
ck_9863bff41d24ce9b,0.0013549931041901084
ck_323b9cc5c49f8ea0,0.009919036803956068
ck_ab3de3d3e41c2082,0.052828570497907915
ck_35c93b2924900376,0.001473235587784309
ck_5a9d5f9901e37e31,0.010630728076438856
ck_782b0be796164335,0.011632859001543797
ck_11960b5f1c7a5e2c,0.0014503225675194106
ck_9a66cb13a9884cc2,0.012639697727044765
ck_ba666a425930615a,0.0030724882538556058
ck_40140bef4db73741,0.0010978331164576212
ck_e05e91cc180063d4,0.08205170823070707
ck_c7f6f45710bc050f,0.030140496087278455
ck_055fb9f2e1c8c934,0.032293145000351485
ck_58bb02d98e2b9cd5,0.007000435433256117
ck_d9f8efa6a7800f76,0.10598239899584538
ck_69691226c68fd50b,0.0611383066341448
ck_6f2f0396e5b1c538,0.9979332983001752
ck_78bc3f1d0f35ea6c,0.01386980621601036
ck_2d5a6b6636a2596b,0.013202388379245153
ck_7878545739af0a73,0.005688563637080881
ck_03c4fa4f3ed3512e,0.005587488994976679
ck_1a9e51d092d62c84,0.07965476690518379
ck_9f3861940d8d873c,0.017188937576592383
ck_4684fdd61c6a0fac,0.007150757803595472
ck_715966f86d5c913d,0.007324365204185303
ck_77f293d44b4a3d2e,0.02553161545771046
ck_24dae044dc05f849,0.03612637299655945
ck_00b9818e2064405e,0.022345432540532607
ck_c1c2cb49c3c1b0f5,0.09711385230198595
ck_bed50fc64fbbf8ec,0.0013260586133931839
ck_4f6ed5ea5ab7c429,0.0049687307459126365
ck_458531c22ec2f9b3,0.0067392956877446565
ck_51c50c4c443df31a,0.11900394008242109
ck_732d45bd578dc39d,0.006513827324016538
ck_783fe5bc20cd02db,0.02817007988888473
ck_7f188aaa63d1d442,0.007565655465814549
ck_ef307a6aee38d1fe,0.371268095442275
ck_e37196b20968b73c,0.02742293170238324
ck_4ef9de711c3d93b1,0.020832165609961602
ck_17946516d5df71d7,0.04088548690171809
ck_3534be0f4efd313c,0.015583214426423068
ck_29fbabf855cabdff,0.0054058811821991095
ck_191673540d8486af,0.03598716827322804
ck_5f52728d777ff2c5,0.023035652471145866
ck_a045a19369016818,0.9991804368716645
ck_4eadbe7298b15e96,0.005972729161598382
ck_a3a0bd59729fe619,0.003745818815851672
ck_a1e77090b1c6ccf4,0.0482900113287886
ck_69ab9d4784eb77bd,0.0401395635533237
ck_baa47383ffd50f04,0.010300282472712126
ck_e35b2ed08b9e55a7,0.0050679477673671
ck_b6e3af0a5119d9a0,0.06570162677173497
ck_a7c1dabf3869772f,0.029259774589980414
ck_80b8fca67a14e0be,0.07874860472898723
ck_dd9c5f0c42878e67,0.003551856235406298
ck_41ef7967faf5ce82,0.0011083933543424847
ck_a93560aa348d6225,0.042452252017225925
ck_ffe91d6f0bd93fc6,0.15647209054737246
ck_fbf630c960194033,0.051557355984187585
ck_497ed60723283c0b,0.2381327566017838
ck_2a46b7ca55239413,0.0024080100650145826
ck_1a4e5ace078dd782,0.02310797446315613
ck_616cc31910f5de50,0.0006288611082830013
ck_0d65bc749eb42710,0.00905509108450377
ck_2408db62e4395ccd,0.0027369205102752365
ck_5d7721930106dce8,0.006355946574185495
ck_e8a6acea22b20312,0.06427551638675601
ck_e2f792fae128b18e,0.10020512080017056
ck_e6d3ce445b86003f,0.016481467065235823
ck_263334d722ecbc97,0.5517017554084158
ck_8c5b29f6666d4874,0.011588776495793724
ck_7ea0bf310fc20c7b,0.04522475140758751
ck_54d463f7fd89ec3d,0.03222354599018977
ck_79e45040dbdd6447,0.04341630315478222
ck_60b4d59953505682,0.5408606246089686
ck_fb00dd5021642507,0.0027833731508058327
ck_f409ff994a210601,0.004559347226258748
ck_2ca0020038bfec58,0.23810593749782163
ck_adf84b9df54c3d80,0.020186751895503965
ck_942dbf632591b65d,0.00711491059666487
ck_454a7e4d859a3409,0.001847882036064497
ck_2139062d4569aa07,0.1105505977513984
ck_e949a0f4df0b3902,0.0069135202352108354
ck_bb113e3e6716ed65,0.0053111096476889915
ck_6a28ea6ce69cb869,0.035482687458348906
ck_7df9910af2bba21b,0.0010984646043711937
ck_78aa4b731cbfe251,0.0014552771256754176
ck_5839f5cbd8165b1e,0.018819589024539486
ck_7158ad9e58769ffa,0.06724515132054938
ck_acee218cbe61df69,0.024701170388183015
ck_f8dc8473c2772729,0.08058261778639124
ck_f34c93a8173555b1,0.05964096605560086
ck_7cf301d075e4e709,0.055460015913960437
ck_b87e88ee5512ea17,0.0020060497627627707
ck_bed0c020b10afa3b,0.005507460840851328
ck_ca10102961f99eb4,0.0015110242099010446
ck_393287947b5c8d79,0.0033441260774344137
ck_2fe6cac002142f67,0.022444479930213115
ck_79c7f0d29b1db1cd,0.006967210396729236
ck_c735b643d3cbf67b,0.003383912502851738
ck_ea4332c8fe48e2a3,0.0036564288046089287
ck_d39864119cdd460f,0.021816135148319614
ck_3b963d6be2773861,0.04084530194016543
ck_df39e3b8a9fd0bfd,0.1353812881805075
ck_6236a461dc0d11a3,0.00799086579378764
ck_475ebccca25e30d1,0.008405576613541452
ck_c10c8bcf5bcd516e,0.04497455568786821
ck_49ccc3716a564256,0.0035271171124888817
ck_4e4f99102f6938cf,0.005502023911483776
ck_a97b481ade6f7972,0.02967491663753955
ck_3fa559c679751b3a,0.01653174873197133
ck_3eba1fd2c7acc4c0,0.09340950401064738
ck_18c179b4afc4fccc,0.0046945670598144895
ck_cc1c0b93d05b7d20,0.09882680708359823
ck_742f7c28ddd019e8,0.01186887529365182
ck_04470bc93b8a0d71,0.00960564316656181
ck_6e8f8ef7a03cc6bf,0.0034101432854524165
ck_eb1ddfc353b4da83,0.007132089851154423
ck_98831b57c7ca2e4f,0.002583011222072701
ck_a6c7b8d6e8596d4f,0.03803871471624583
ck_cd7d24e3b095e96e,0.034953184040188226
ck_3f5ae4673a9f858e,0.050701689027545696
ck_05f375fc8ae0afb0,0.0016582421639008053
ck_1fc98436281ee39e,0.003172779882070588
ck_6c48c58678f64bae,0.007530259099115985
ck_8c95aeec6a4c75b0,0.0014719721783991399
ck_364cde38958b7af3,0.10857256374516969
ck_85bf21aa1a00452f,0.001755405513292453
ck_796d3eaabc667c23,0.9987540735616752
ck_ac449ee0c315edde,0.003171957933422594
ck_6f9fd15ac6b163de,0.0027010113470238087
ck_4087065be2a45ad7,0.19562276370591222
ck_ecf006bbc78ee3eb,0.2113632443911142
ck_8ca808cc5a49cb5c,0.0008585478681803354
ck_94b90ab8b2dfb50f,0.0023094467029079386
ck_59fd11b3232de9dc,0.9555545522644822
ck_67f3794d93e2dd67,0.08247435923237648
ck_b7f5acf5df1bb13e,0.0033627179615356682
ck_fb04ecbaebb774bd,0.0007886513443642914
ck_68ef3e7301c621b7,0.03488941239745618
ck_41406cfa209b6bda,0.011656941389789401
ck_b0f8f5408662337b,0.0005964535896633694
ck_0d2901bfe585c391,0.030144169184943226
ck_3398551e81dbf3db,0.008916764795388705
ck_61c3e3e277629646,0.01409108225746436
ck_2825e34dd3e7ea2a,0.0048597733868794915
ck_20d7571ba830009d,0.01793768469835724
ck_c98b16f9a72a6568,0.0029142673453292057
ck_e7c8a9e4641eb9ed,0.0027980277307763763
ck_254a7c97c36dab8d,0.005371330943786806
ck_e98429675b46272b,0.0003742468906722155
ck_c2fc0ac460786d02,0.0524852382988361
ck_fba15647b3a140d9,0.014013157560908122
ck_15ce50f2704227be,0.016428884794831917
ck_8c748aaa4a4554f9,0.027302954687515604
ck_e00e82a9419ff086,0.023647154294218438
ck_832341c98254bd84,0.011730023190540454
ck_27466468d06db4eb,0.011612894612614088
ck_9d7b9e3ff1f3e71e,0.010705854885987883
ck_42c6973d3a6fe983,0.006685391541513236
ck_877c85bad118bc62,0.03368244566215482
ck_75d2a2715259c4d7,0.031392936025394044
ck_37d3e5c681a2214d,0.200100379897125
ck_bf285dd49f372de4,0.007284627841177492
ck_a5bdd026fa9c50fd,0.002896984291139206
ck_88d9244a9cf7a77e,0.6598923288142853
ck_5881b174e49b04ee,0.014345633538377601
ck_5b16d67c5ea89930,0.009397737019081169
ck_b75b936aafac56b9,0.008142802386190848
ck_aed2681e1646a0df,0.026581225507714173
ck_f63cb5e8cc702bad,0.007857769827142981
ck_1805fcfc4a9e4ffa,0.7809917026681276
ck_25c355da356c730d,0.025614761160517047
ck_70396398e4a96449,0.011205908994517998
ck_0f743bd13373748e,0.015387261104945475
ck_4b387765f0e916cd,0.0030207358607689415
ck_e971faae8a10a260,0.009365437616344651
ck_9eb08369e983abfa,0.0010470071558485504
ck_c30c5844512e429f,0.013589977604254412
ck_59e77e3a81f1fa0d,0.033230164612258195
ck_ca4465f2b5c1a52e,0.9926445301398696
ck_c89b9ca398402f1e,0.010509573421957736
ck_36e72ef9273e7a95,0.016314786424434784
ck_2bdd8616870e5e1c,0.006493773604738495
ck_216e87a41de22b5d,0.053517651803583866
ck_60f4fb44f5efe3a0,0.04051696633726413
ck_05652e8ace6ce6cb,0.010455226425893735
ck_8c136dc691e65695,0.0005704104133661648
ck_a08f8dfadbdca112,0.003075921713708332
ck_bda4041a3e90d860,0.006485386457738289
ck_15dd3ecaa8ce0245,0.5859309953242108
ck_3e3c64b3b7876ce6,0.012135270509887037
ck_46225858a38b2e57,0.001615004314168758
ck_0cb9f54928f4feee,0.0054671854971652155
ck_152671fbf8a9a78e,0.043746355703817325
ck_ee7a515e87d17d4e,0.007204055927922916
ck_f7276091bf513d22,0.008448177352762045
ck_4f05daf1cf0d5755,0.009877527961941919
ck_83a69c4a5d55ef19,0.00909014911268242
ck_c50fed2a7c9198c0,0.010339458786186858
ck_70d19d5650ddc8f5,0.002463599895361642
ck_4b4d99e443618904,0.015809792692567978
ck_dca0b6ca93311ca2,0.06373248014244522
ck_b7431d4706461ec6,0.0015519145270893983
ck_7b59d22cadef3b05,0.10360924044606898
ck_53428573abcd606f,0.020641436442742755
ck_f538ab6aecf2adfd,0.00125881350116052
ck_d321249fb065d2fa,0.06524935882358895
ck_72fdfc7e6d8e1436,0.010473032580948732
ck_b52b99dad89ecdfb,0.009759661648742823
ck_d2d4282f9d256b3e,0.02299259800021858
ck_c8f2a1dd8a6141a4,0.011651629798757997
ck_8d38747058d0aeea,0.4662188531468985
ck_3ac528caac74f563,0.0007602932389094472
ck_8dbaaa00ad829ca9,0.004115296088487978
ck_7c38ec898f0fc21d,0.07720496169779299
ck_8171ef803f5ff604,0.013912432635537195
ck_01a750db6fc1168a,0.03352258041156686
ck_ceb017baa26e98c8,0.12421722164815086
ck_e2c66c72cc0b0f78,0.027461945453215644
ck_8d9518f64b222416,0.02086236932758321
ck_804c5a1fa5753617,0.23791943131819687
ck_fca7cc9c42695453,0.013034840556760784
ck_3a632cdf2c19051b,0.024202556961464377
ck_b2b63ea65edf1dde,0.057383660603143434
ck_27b07021500ee841,0.011525792884544599
ck_9724718fe64c6557,0.977120454099732
ck_2786cbc3e75ec034,0.030704947854507957
ck_d9c2622cb6df380b,0.0020462625273451
ck_ae1da8ee98e402a4,0.00504701587612276
ck_62967b91504149f9,0.07081469165634201
ck_6b255bf68709109a,0.050694675136668525
ck_c55afc68421d85e2,0.00029700483603079214
ck_7c7266f6ef2a8466,0.03917511915759585
ck_885cf685a9541190,0.27710260051946534
ck_1a4bb7d3d2ee3227,0.0008658455652370523
ck_b4911c42f3bff740,0.0031816177263477015
ck_66f9f78d4c6a3edb,0.0844729946714835
ck_49bdba9ee1899dfe,0.011730735231055254
ck_79b235d51718435d,0.0037594257792196713
ck_d840db8cfe2ef6f1,0.00120426415491963
ck_610c7bcc1cd7ecb0,0.006571599226383176
ck_cf49b6544aff6c50,0.39466894152096943
ck_de05f97c3d40dd1b,0.04547819514463816
ck_0302f67d75973dce,0.0019142426229971639
ck_54c2604c9ca6256b,0.013224184698679937
ck_a1c88c0568f142d0,0.019051621234182844
ck_5d72ff6cc2963d1a,0.009055201721700887
ck_0446920a1004c596,0.0028259585309955908
ck_71044c29ef071570,0.0013159907813496301
ck_2122e9bb1afffef7,0.0144843631860598
ck_d1e3de178601d3c2,0.03307918794897835
ck_bec8324a3587ef04,0.010526463979785251
ck_b616b6f45225f319,0.031903952681840465
ck_ce1e695884511479,0.008330039565899786
ck_a662b4bf900781e4,0.003814396165924609
ck_b5a84c5547378c10,0.012824989557698325
ck_f80af368cfc6cb7e,0.10711540167104988
ck_da3526ab6c5c884a,0.11212613978894101
ck_bd20be9a3392d79b,0.002592701610537865
ck_b8266dcd90cbfa62,0.0006666535918335642
ck_ac84b33304362c06,0.01190697411744201
ck_794d8935a895e33f,0.008570495771690462
ck_8fea7d915259f1be,0.0402892305075167
ck_7a1519ad5ff45312,0.0018266336256648565
ck_9bf3ce30b65f75c7,0.020546378215754217
ck_5f864d72d1eead99,0.12781071270479755
ck_3c48e0cfc2a58041,0.36290252409673546
ck_d902183f80cc81fa,0.029595051771172703
ck_539cb0d117db8cd3,0.143651934443759
ck_28f530aec8e77130,0.02497667250892635
ck_e7d903c50d353361,0.003003227760795701
ck_d288b77d1e227970,0.012144108823245002
ck_017208fcc01b5d40,0.0028422699398750148
ck_7e3923d278a5106e,0.005312549058828822
ck_9700a00ff9e66216,0.010372499565354017
ck_5c36c78b7a4d138c,0.01663307161247406
ck_c457e9c9224b773d,0.0018459432503594025
ck_1dfa91405d7e66bc,0.005968372550480349
ck_f1d8a2695a575e56,0.02584001870122391
ck_3b92a46daf8d00d2,0.0129740161095313
ck_aab23b5470469649,0.029609292482777737
ck_ecdd01a391610d99,0.012232942400551615
ck_abd3aa292f8edb4d,0.022719162639187464
ck_7fc9a0776e1339e3,0.0007119371858216401
ck_c0389ebeb0e65cb8,0.0024285036152567273
ck_48d0fc4f6a2109fa,0.9916411734436054
ck_571dee4f3336c7ce,0.01272777975377456
ck_4cedf26628c84f26,0.02716344300550219
ck_63356762d24aab81,0.023037267902182603
ck_2c5bc11bb7ae5d2c,0.8481169143620743
ck_6d26a152f900fee8,0.0051089696598415136
ck_c972b0e781efed3b,0.021487236901274336
ck_fa0ecbcf9a33d6ce,0.02064225196271701
ck_fa3a766e49dc77ae,0.007985507299591705
ck_7baf1e55db0dc558,0.014619895179725473
ck_e8bc49e6494c1f37,0.0078007076066667425
ck_8ef1d05cc1e53e7e,0.019839246921502636
ck_cef2a485a77e0723,0.00239264120400214
ck_228a583f23abff48,0.01510518122064592
ck_ac32c6e374782b27,0.03722926551473001
ck_b9485218cef413f0,0.023486229241632774
ck_7f15503048915d6f,0.0006657218998259684
ck_b62f5144db15ad34,0.009814543352293415
ck_917d82c552f95a23,0.021507882507078226
ck_fb4797045077bc6d,0.01021368144175308
ck_2cf8a44e041217de,0.35341645415010314
ck_b7dd681eb3d2ee38,0.00624511261976283
ck_e9e8cacd2fa35e79,0.013995702691953894
ck_342a79f91de5d1fa,0.009011544429935313
ck_2c91f62c05685ed7,0.004753850424169023
ck_e30cb64302939f38,0.046789653307546746
ck_d0e95b90ba86da10,0.008998388504250844
ck_1774faf414a5d49d,0.9024390474038003
ck_2401e8ff89e574fd,0.325037038151548
ck_0cd8802264e0a1ef,0.007851808763508241
ck_da84a0dfe947fd3c,0.03338004067997048
ck_c8affb27ba7fb5db,0.022175577019715086
ck_bc7ece8787ca7200,0.03130019165358934
ck_469a0578d05990c2,0.0002886123102819657
ck_eef67f8dea702338,0.014003667467516218
ck_4f490e379e9ded9a,0.021035117797037962
ck_354379de065a8ff8,6.442717255469297e-05
ck_5db1cb368bc41ac3,0.004520229970179206
ck_9b1c3742dd6fcb8b,0.012593926038777811
ck_63ce4f44c92d7143,0.009247937314701535
ck_e15e3390f5ed45f3,0.005819832942715183
ck_da645ea91d66aa6f,0.03826836186215859
ck_834ca727df855f07,0.0440818461862148
ck_e1d5ad20c737c745,0.027335960187821556
ck_ff8059ae5fa5f1ee,0.0011310513891335957
ck_8bb9e75393954a1f,0.016562940935692175
ck_4e1757d1347ab387,0.998307026761343
ck_af3f74b1d75a5d95,0.024577240912758917
ck_6b1ab0742ff04c3e,0.027377760208122465
ck_f56073911c9f1ab7,0.004311983240054778
ck_51bd5f69b4fe0b92,0.6294489528045157
ck_fc3d95030b81f416,0.00042725621142857884
ck_cf78169633a1600f,0.0035641820744397915
ck_ad7269eaa65c67f9,0.006000120371775886
ck_cc6d33890d47a6cf,0.012559734356222232
ck_bc8f31f4a2ffa1ae,0.0009807393103616958
ck_720776a46e56dfa8,0.008056620019374208
ck_e2d1f212f259539b,0.00828954893915468
ck_eaf6f7082c3db2bf,0.02311903111537353
ck_773efe58c6278c3c,0.019737354561750155
ck_c4a72c09f2fdacc4,0.002671702186932155
ck_8982888dd6611143,0.0017268331265576805
ck_9d5049e195eda029,0.002240097208908694
ck_de58ef6f9fe2b546,0.009991624862397113
ck_c0b50c11e4f5adf7,0.00785256765429371
ck_ddaf228487858bb8,0.04323937276592947
ck_eb2323215ff70362,0.024083322975670035
ck_168c96a1a636ea15,0.00868180529166463
ck_9c46711b14d9eebc,0.01033831323513394
ck_de8af660806b97b5,0.005274728068939088
ck_6ab83f45bf16eaa6,0.013265056824376162
ck_bf2228a052815840,0.021837778043976096
ck_3f943f20a9da9bff,0.00880591932254467
ck_3baae40454c00938,0.00428872064336892
ck_bc2e771a1d8d2dee,0.010235021897048493
ck_e55f5ca37f30ce8c,0.011235819017083523
ck_4ad5937bef176d89,0.012540011311062688
ck_126531a9126c17c4,0.004737924700268001
ck_7ec423cb56257516,0.004645239960059289
ck_54748ae0f2daaf10,0.007339664935064257
ck_ff24776280ceeeed,0.10920305003447904
ck_3c3a1a1365741bba,0.015015885205789479
ck_615277c8a4e2b18b,0.002110247882175125
ck_a96aaef34173aee6,0.021269354729031065
ck_bea56db7f3e930e8,0.00713451562448413
ck_ca491debd3b32a59,0.02324540746302222
ck_d9ea77f4114a389c,0.02577365268973644
ck_322ffda3332d08a2,0.04023063333042109
ck_c40ffefe4e30b001,0.022652923087814324
ck_3b1d7648d4580bef,0.06220002105830773
ck_23981a3261674131,0.006881482998637285
ck_11667f5b9fac7bc7,0.0004974201967906752
ck_646bb3c7be5f0817,0.05281056035368263
ck_ebd0a45712dcf07a,0.01045233505669375
ck_baf43bf1bd963f9f,0.010433371919908407
ck_e0ca2c819658f6b6,0.9988250871845068
ck_f0d6633d0834fff5,0.011753620238956777
ck_91081be0254878a5,0.030875776791407697
ck_1325000bc7f35b5e,0.005032330710337211
ck_c624b9063400fa3a,0.09408203673168578
ck_0ad6fa0e23c3bd0a,0.18675498236582458
ck_6ddb55b1f23c6cb1,0.005364992727997756
ck_dce1fb3acd65562f,0.0011343132452648977
ck_a9aa389688ee5aea,0.009910497660476804
ck_5c5284c45d9ad8bf,0.02971841255295931
ck_9ce743dd3e92549c,0.02445893040805151
ck_8342e08cc2f9bcb7,0.003598904479858767
ck_25e551a0a8d2fcc2,0.028821862853263876
ck_d4fd0e438c97e0c7,0.05978584481815688
ck_ac7fe1c344190c50,0.013999696364089079
ck_ddd65711b5651f89,0.004866181889137875
ck_ec7406cb5cbc8f10,0.0069560163188950395
ck_1c65e8d5be3b9c60,0.6191188121300755
ck_38ee42f15a573e81,0.0042736478121586634
ck_0e5385c70c6de025,0.013731218827348972
ck_d3137f0f7629040b,0.00178771072442778
ck_9129c92c12e0c8b4,0.01676172469230774
ck_c86520a00e50a926,0.01410100338735332
ck_87f82b2b5fee757a,0.0368827342786859
ck_643abfbd7548d0c9,0.006265038718887485
ck_be51f4e5e6b85768,0.01402721918348407
ck_132c16312f37810f,0.016446694257430807
ck_c78c096ca8cb33ac,0.0034613747819501515
ck_2ce5afbc014763b8,0.011830881579866918
ck_50ed8f4e7ae6710f,0.0030108565666775856
ck_5a4eb535c9a11993,0.012062714946336617
ck_9b665ef46d785324,0.0038937311113735242
ck_e066f71f8b296b7a,0.009261936228473856
ck_560bc6017870ab06,0.0007335812900674899
ck_fd78f8a8663646d7,0.0025096709302927338
ck_4af5ec61ddbde1a4,0.02583261207961106
ck_c2ed04a9d218410b,0.0024862314438923437
ck_2455d43bbdd2bb69,0.008453771271547148
ck_56eed7041add49a1,0.3027240393045079
ck_5f0be7b468a72333,0.022528556659353195
ck_19660cec756632ca,0.05519020056991451
ck_fb90408f4892a21f,0.005184823662557684
ck_833a65b86a5d9bda,0.014464839384623548
ck_2ac36e1dff211d38,0.009235482746831827
ck_c00e70606904539a,0.00047440800524509017
ck_ba8affe4b9505a95,0.33937207348046766
ck_0c3dd22587b08018,0.003391384632582461
ck_618c4e5cfae99dcd,0.003701272953155214
ck_c9690baddfc4177e,0.0024104083620336714
ck_59fae092fb0c4aa3,0.011988213973592265
ck_e03b7d0fa0b28f4b,0.022924260917525287
ck_d451d24c780b5884,0.0067387611075725344
ck_e980d325b8dbb8dd,0.002677134434599415
ck_cff18e2d8c520272,0.02179019808471051
ck_a0e46b67e986ab56,0.023505261402436042
ck_3a469039a5b9d963,0.0028399460257731474
ck_12cbb211ebd2b437,0.019408955989324274
ck_b8cdd6d6dccc4554,0.010220415954422211
ck_794ba5921cef50c9,0.038111491650067796
ck_2c7667f64edec2b5,0.0033696057505592627
ck_7262b4e0c29c942d,0.005697478537170021
ck_5d818522cbfe2a54,0.016232796762595713
ck_de39c1947fb675ee,0.014846887788050524
ck_c021495606b4735e,0.00697370400611968
ck_1fc03ba33edd9e67,0.04281641053444465
ck_a6fe344bbf67f14b,0.004190583018888993
ck_963762210edc5694,0.023762634615944644
ck_d064428b7e7dc409,0.029244815077693203
ck_59be61b53d971611,0.005048798225624529
ck_ec8738ec663cd2eb,0.012145645870462036
ck_59d086fab5998646,0.012893761611038815
ck_bd32dd3b2cbb7888,0.9990955914637974
ck_ce0166addb93bbad,0.0006447665650254992
ck_7c0fdfbb447cdc04,0.09217350315167985
ck_cb1bd7635968ed8c,0.4172262278011777
ck_66f94903177f20eb,0.0023192312895699637
ck_1d7cd5dcbcdafd7b,0.027557817405550966
ck_5e418a7c04437b4a,0.011318350626728146
ck_631ea1ae91ab333e,0.01420517010900974
ck_0a8029e79a5ae7ce,0.014208516906940232
ck_c4cca8278bdad9b9,0.0002685788497966971
ck_4dec3df58077a257,0.0308018796828263
ck_609c249edd88c565,0.002235500571173484
ck_02e5f9cbbbf2f078,0.07249690853334144
ck_32e486859130458f,0.6554932699908608
ck_21ed2ea6386c5a07,0.002476631181399587
ck_1242aa4496576a99,0.0156679844608052
ck_475ea9aa6d3898b7,0.3147283047820028
ck_fe1b1adae3be70a6,0.04391991102206857
ck_c5414d7a8031d4f5,0.033627459281598916
ck_ca1f6f01868e978f,0.010428557482199381
ck_5eff0208c74ec714,0.011155899592703704
ck_a315c9619a317609,0.02733454826729128
ck_2b87683c90acb852,0.013295996751626576
ck_7cd9f39c50748ed0,0.002961977694042235
ck_16a06d58d71935bc,0.03980296622309201
ck_d116e0e7c19b878e,0.022208557573196924
ck_931510e384b1d0cb,0.0003481324069141072
ck_e7651fb87bb24132,0.0025270716198422505
ck_88ef9f85948e1a01,0.0014136544569609266
ck_17bf38d51115a8f3,0.004425916563213392
ck_2659d1d3762a2825,0.013779709596108731
ck_a7285955e2852686,0.006903531190210501
ck_f2c33d5b65b321db,0.027808489668448982
ck_83e5979334345622,0.006368171228640659
ck_629537d8b4d0f395,0.0025670944445999153
ck_72022008a92c9386,0.013644676117040603
ck_2973b8274f0bf69b,0.005010335036047085
ck_565e3418d2f4061c,0.005641460220722934
ck_54bb53b8f8ea32ae,0.9989484608592366
ck_af0a6540ea7a36b2,0.004512408853989453
ck_888651bfc2c8cf70,0.007078973458690163
ck_1dedcb48ac381a1c,0.10486700951072253
ck_f73273e220296be8,0.014071533197462288
ck_8424bf65223a5a9e,0.006993179827001135
ck_337b930fd149a696,0.004218810269962253
ck_8a4952de8a123ef8,0.036933859011019934
ck_884168153c9c0c81,0.0034311153682650077
ck_fdda581aec411010,0.0022239719363610516
ck_2b7cadbc8b180d32,0.7672994262490437
ck_8aa8b9968233a1ab,0.012887080856509721
ck_0af18b3ce015d294,0.018122150140326053
ck_8dde670a735d1e90,0.24227899257004532
ck_62f46226f244139f,0.015507031372445901
ck_f948e8a8fdd79b4e,0.011601267855459908
ck_fa00aa0f3e859904,0.0529946955471735
ck_fc7935f784a4f249,0.009434420566864594
ck_e7501307c0698e5b,0.012475419380093418
ck_549ed417f2834cee,0.027178100624826212
ck_fb2a35571ec719d4,0.33712585931927275
ck_25822068c86c856f,0.0017437947907227914
ck_8f35d229b62c8f23,0.04574571992997075
ck_bdcf049c1e7d0c95,0.03594448934552486
ck_0aa9db36eb16422a,0.003443789730485317
ck_42dcf92e9e016922,0.03550284831318875
ck_42341cf31c08c981,0.010132504676025177
ck_0b20bfc515ba42a2,0.004413123577619008
ck_0ec820b670d48098,0.0036914223885872346
ck_1f0bafec397da8e4,0.001051874212331581
ck_82f07504ab59ed33,0.019880788461097042
ck_337b24a474010abb,0.9997786617417499
ck_703703bda38fdcf8,0.02151138055186105
ck_01e7960c63dca3a4,0.9204423749289402
ck_be5bd81e3715cb8f,0.9007168036716726
ck_197f8058cea1fbea,0.0018934997618445504
ck_eb3fb1106f2f1b21,0.06534932839147063
ck_658b4b54be09a4bc,0.9972123235753456
ck_266ce7ccf41ccc50,0.008254544073820648
ck_110608c3b03d4038,0.3502382238476284
ck_1be8cb95d6d9bbf8,0.009867985952275237
ck_8e16a64a776afa82,0.10457734720872235
ck_34bd190d37eda534,0.03318532519979837
ck_4f521611ae14ae66,0.008125487675666412
ck_d839798f9520363e,0.012111494146584929
ck_d1bbfd246c0ac9d5,0.2538090827297623
ck_f19030e6e85a6776,0.11046403288404498
ck_cdabe60ab59f9d5a,0.09363273900540428
ck_bb84b2b30293f566,0.3998469333140522
ck_427b91925952cb40,0.00577755700832615
ck_1078b1e155b5b640,0.006588549592698205
ck_95fdc264eac72fa0,0.002213389796847883
ck_e35eb857c61548b2,0.3180784315169523
ck_69bd0b1abea7e1f0,0.29841684989590456
ck_59de511b20c842ba,0.012698804311957662
ck_168e7ea341a36b80,0.017233280663945513
ck_4937cfa6526ea138,0.0064081729246792795
ck_bb1a981306b750ac,0.11123619761888869
ck_f42a43e4c3f34ccd,0.02528926931152296
ck_c7ae1d4b3ab38185,0.008237398981726733
ck_bd23cf9bba1dd33f,0.023023277696546676
ck_0fd826fad7ec7cd6,0.02861268626722216
ck_f143641bf3dd0414,0.016390216900231472
ck_ad6d48c20a3688a7,0.008527136944718934
ck_7bda5b5b927b2905,0.07411233458059252
ck_a337eb38eefdcc88,0.07023625458519567
ck_403da2a2d800df9f,0.04849549003967471
ck_aa01d5aafde73d0a,0.012080883431983127
ck_494954023f0eb309,0.0571993028421487
ck_1c6820fc38135ad9,0.012148342696278756
ck_0e0bab173622db9b,0.01782468208744827
ck_547090bf35a3b243,0.005400664778463633
ck_d69455220b21dc9b,0.029640162721310415
ck_90b4ac695b9c6bf7,0.008768650596194737
ck_8d2afe17c0082e6a,0.03045204983169841
ck_926b81c0ba528eee,0.005554471037820306
ck_ce36b0c287bd198e,0.07625156510906257
ck_8026e017909aaa6c,0.04519704223432446
ck_dfba788f35d4c372,0.007797046892551344
ck_f09f9d0e0886e0c6,0.003108716619347416
ck_4ffe0366df388604,0.013771055848914755
ck_75bb521de55644c7,0.019780394768149943
ck_81a960fddf79ecf1,0.8800365830266039
ck_8f43459991ea511f,0.005760205782314539
ck_f878b68d66fbfd4b,0.01102297645892355
ck_e84abfc0c747c9dd,0.7685684008020935
ck_3ad3fd3cceb56b66,0.914429142212594
ck_7cf562578c7f158a,0.0060950410656608655
ck_f81a97d350397306,0.032062010639595566
ck_255d87b7fb40caa5,0.020002234818878587
ck_b3905153b9eee924,0.0032890200238230288
ck_2c80a592fb4cd6a3,0.0038065054846004283
ck_57deb202d4188a29,0.0014956760077431378
ck_e3cb5f31d8e94448,0.9925182402984531
ck_0db62d5f7f75f80f,0.02142878403344103
ck_ced9163ea85589ea,0.04089083822414363
ck_e16528edc694fb33,0.9765880582379691
ck_78cc5ec4940fec3b,0.02217840404772793
ck_31742076e9a998f8,0.0058886486756097025
ck_5ac335f02280271e,0.2366001290754495
ck_7cc2e091806cfa5b,0.13084052814351155
ck_3152c7115257f084,0.004866817441749882
ck_ab1b9d019921bca7,0.02377196803828649
ck_c33a762d98f9b290,0.003909759454971704
ck_b16a7c51b6f7a6b1,0.631198882391259
ck_97402a153348e68f,0.0006271614036779646
ck_95391029a21caa24,0.00831854227017938
ck_c2015a1200971fe9,0.002765572191266112
ck_ed4427962c68918c,0.9631191850490856
ck_c5e4a17d3efb19a4,0.12768428194548925
ck_8aec3d3dd51517c2,0.007146419431780607
ck_f5178a658225d8e4,0.010890865582706091
ck_8594f165e95316d2,0.016191292238595226
ck_f0c4aac04076a6dc,0.013656881495670452
ck_ac2f7397801036ef,0.01881790791925165
ck_d1ea4bcc407c7d5e,0.0035272714265404776
ck_cce8b6657a538fe0,0.010712869004432076
ck_66d0c6d6b67a8d58,0.01587025781487923
ck_1a6b30320835e57e,0.010788144292386588
ck_8cd274cc85aa35d1,0.01787556393070468
ck_ada46085a78280e4,0.004025257509695525
ck_ce1b06623e4a815e,0.021490552055501835
ck_45e70c8a9686580c,0.14129045425313386
ck_0084d8ab6b1044f3,0.01265019280264594
ck_a5f7b6fed6df2aba,0.035468489063700974
ck_94940d783e7988e6,0.026250201716315192
ck_00f9ca84d1d8ae7a,0.007950573230529187
ck_0deb56f3f6452818,0.006509632500669558
ck_a58e900469dfc3f0,0.009228896958139573
ck_028c41b195280980,0.002851646672155881
ck_7661d7ceaeb19f97,0.006894474336862722
ck_6957905a65c47879,0.02579302612257058
ck_f7c6c26ef3c4ae06,0.005782244601190232
ck_8777beb11aabd66d,0.0043593558239605765
ck_7db098a17374bbf8,0.800631826899548
ck_66aeb00e44486cda,0.012572943275268977
ck_838c52cc1d315ec3,0.02334055384639387
ck_1745847cd4e5dc83,0.028748368574712666
ck_201687857ec8b3cc,0.042438460107511525
ck_81818169208a8cda,0.019911907239222263
ck_3303fd3f64632c7c,0.04392253940169041
ck_edf1096809e83ef8,0.005999984852532645
ck_235ce9603c7dccbf,0.02630452742375391
ck_9df7e153868bca13,0.01828719339842983
ck_3cfeade2cf270fee,0.004391082035283535
ck_982b0bf2e2b6c4f7,0.05109684491609716
ck_faeb0da678bb86c0,0.0013619443693707364
ck_e86ad2fe815b6ed9,0.00785362073779542
ck_70d69e5d1bb99e85,0.03248726272850939
ck_7e9a8924eab779e6,0.9946827144944808
ck_019d5891103e7da3,0.042455863686831574
ck_14f0484b3817eda5,0.003424779519508138
ck_85de63d278f0fbae,0.0049330314769662955
ck_ae91b4cff57fb3bf,0.002622881688612447
ck_2a6d43b9f883b78e,0.13839267899921323
ck_7a4e3d553e8ab5b7,0.01822430969719075
ck_fdf89dc69f700f84,0.13167149098019396
ck_f92e04024bf13558,0.006050446082554066
ck_4a522ca2dc4831a0,0.001009220678576707
ck_68ba25dc3385fea1,0.01595873866964813
ck_22128a4f0d033422,0.005645442011889723
ck_5b52ee0a13c71590,0.023722265885142434
ck_59472d17debedafc,0.0027290855835408793
ck_9dde2c63acda3ba3,0.0016610179954451316
ck_7510b1023cd08531,0.01730024637068544
ck_071ddaaf2e4e3671,0.008486770713935214
ck_1355db6f4010232a,0.016865345497817756
ck_0a7adc2f27f98510,0.05334124257859334
ck_68250033717cd59e,0.001331304663945075
ck_7c12de74de30b788,0.11171563061057777
ck_65491367584c730c,0.007072522594343049
ck_e9047964952bee70,0.005452411241257398
ck_5567779d6ba184eb,0.006384610786639085
ck_d6ea026357ec6477,0.005737076352105798
ck_cd7dcc884e283746,0.006631884242058573
ck_0bd77fea8ed75a15,0.023242665981036276
ck_e80883208e8d0453,0.008623857729540272
ck_2ad0ecbacd5acf8e,0.9008627286830311
ck_6c1dbee7e8fdd5c8,0.0038736545143821747
ck_ee4d9a7449515908,0.004242549034068307
ck_636111f7f030496c,0.02424138271607715
ck_2c629c657f73941f,0.004286415100739173
ck_c1c9d3842d758420,0.09407765753389577
ck_e4df7faacdfe8c40,0.012790188251109487
ck_94e8142728e44380,0.025195993494597002
ck_765aaf42c5088545,0.0025108723750809346
ck_e0f845159b6e6a4a,0.00649329040279381
ck_5bc07deb82edbad7,0.0068694142799840575
ck_713159c5c6a7a4d0,0.9998432826036662
ck_b08afc91d9ca55db,0.03249441170036192
ck_a7bc323ffed2ea97,0.23331392842866183
ck_85ca825f905a34a1,0.014707547735348336
ck_33160c443d4b3f19,0.005387061657597427
ck_832d39c590a3ca75,0.919672584725716
ck_7d1661a34164406e,0.9926642338714728
ck_c2466fc40fc9d5ed,0.9098356671499285
ck_ed0e776c0926ce67,0.07053782202303843
ck_cdd2ebeec75bfa69,0.09734596490088596
ck_d7877684c7923ec3,0.03401345831297412
ck_7384d4d2406aabf4,0.025163887049139425
ck_b8e5244e650aa81b,0.00534726869477613
ck_25a1ea40b2d59254,0.0016602491950705337
ck_b9e5b318ee4de68d,0.006674954292743244
ck_620d7ae27af83cea,0.003046389603660744
ck_40b4e264d1a12b83,0.9831693959687879
ck_b694c803b62862b3,0.0008285864855138298
ck_cbeca201dbade3e5,0.02376734320641579
ck_f9b439c9161c3e52,0.002533854840999681
ck_9880410fcd10a28e,0.003107969992597573
ck_74928f5f91aa12b2,0.04617937936199175
ck_b6673bbe61d2680d,0.03449879192037233
ck_53c8315b5c30acb4,0.004641902667528735
ck_78f01d78ea79642f,0.008705464060744544
ck_8582490d6e365a63,0.03672521981583773
ck_af25c72d16299258,0.0010958565042263396
ck_7905fe8e257b0449,0.04641708415452773
ck_0d16d9349e4a9e08,0.004368758517713402
ck_31b16b8848584e98,0.005164976801460084
ck_67207e3eecc02d76,0.026471482654163655
ck_e6b95ff91116a592,0.0019686660695415106
ck_c08f622bcd6de6e7,0.005338449522581632
ck_f9a68da9e0f0bc85,0.027813869985829652
ck_4072b59388976896,0.005715270772091143
ck_8ec86e853ad52828,0.0493239745505821
ck_4fecb87eaffd5cb5,0.0017874244256665028
ck_d6880578428b965e,0.25103051183883424
ck_bfc82b3c1c9f2897,0.9182931299229372
ck_c340644176ca03e7,0.041744072553515976
ck_321e740066fb05c3,0.18413754796908455
ck_8929d2eb09872052,0.17723698517615644
ck_205c107cec528414,0.2630082831951494
ck_e76db7d2562f9836,0.05893353870954199
ck_9ede51c8434cff6e,0.02939420706102673
ck_492e4b89c61b7b6c,0.012313934071209587
ck_9385f5a1eeebefcd,0.029577021228700963
ck_ee52c7bf88f952ab,0.009138873170628557
ck_d8116c34302021d7,0.0074003006751323964
ck_01645ea51972e99a,0.013038565461158778
ck_7b45ed23304a854b,0.005156448517949185
ck_2096d32f3d497ea1,0.16274607425741253
ck_dfbb2056f1ef7d3b,0.06743168304468371
ck_938ce30c864bc7df,0.004619451150790546
ck_ff30dda2c881a4bd,0.08208550189609667
ck_f88c79186a082beb,0.008858453580715093
ck_08c7bb0f9851cb76,0.07358538845031566
ck_2675e7a008e584a7,0.13194776367445477
ck_cbaf8a954281d4e3,0.9937207752866842
ck_8b24eadf6c72b30c,0.2961822917652741
ck_ffc8e3c1377d0706,0.010200401408924933
ck_5b59e859bed5b40e,0.013786607393827645
ck_7b61717f172f9317,0.9356101397631655
ck_e5c30947b732f661,0.052102940920123755
ck_bc273f3ce79f7e1a,0.0016651168433767327
ck_f69e93388b3028cb,0.26728191062613854
ck_3837ad850996ba60,0.013902710182431364
ck_36d78ff3bc033ee5,0.035685596329754585
ck_5e20953547ba4135,0.11296043270671503
ck_258d661e450ac870,0.00451439409166442
ck_1df66f537496ca59,0.012042145388999049
ck_361f535599110201,0.0037904157093354126
ck_337e98c69f6e7886,0.0018020240956929871
ck_d3d5b2717cfc3913,0.05137046561194111
ck_b1dba768dbe7affe,0.010479609030221505
ck_92d782bd9ce0d1e3,0.03652428375352552
ck_26bd0f8898afc8ba,0.04194077200676031
ck_7916e53daab36745,0.37729114183508666
ck_2caf553b31831a50,0.009700873511046771
ck_c6200734c7f9b2f9,0.881787127430965
ck_cdc55623cb16e6a9,0.006238302084016064
ck_57849e15b61c43b4,0.006630555143658715
ck_b7af9b2ee0eebbc6,0.031732028716009116
ck_00aa5fc3b3bc66aa,0.02348769244649114
ck_9929723f65636c7f,0.9893648801393948
ck_8f6cce9f69912983,0.0031593787703179414
ck_c422ba389ff00781,0.006862523944395589
ck_9ec7f334604a228f,0.06812234054875131
ck_5d01200ba3341462,0.008149181933177914
ck_2bf10be403849c9a,0.00238241230357245
ck_6ca018259f70858f,0.0059424662072942586
ck_a54dc042ebb7c766,0.17602993121238944
ck_79da63fc100830b5,0.05288960367487928
ck_67ab6f9e05c85085,0.006712693295959372
ck_fa80da579ea9afc0,0.004034668737323612
ck_4339f86c87289222,0.5972297640688039
ck_a2299b4f530be0d6,0.2768910571336431
ck_19db0bf788697c2b,0.00881785814757331
ck_fa4211c4d826d830,0.004362693808151994
ck_96100d5e8e051e91,0.07311428489171402
ck_5c3a671883d58b3f,0.006964394709459629
ck_2d9524787cfe1ab3,0.3056551707945397
ck_47ab8e51e5b3a2d8,0.0038498075601945125
ck_c924f36bc1bbbaa3,0.003913344685072738
ck_5c58e7f8fd55e26c,0.0008435159462227379
ck_a07e7409d6d5aa06,0.005432901747561017
ck_c8413898f5f7cb7d,0.010835730872837289
ck_577c816b41cab002,0.7632233982736255
ck_9f7807ed64cdb728,0.042944068005355905
ck_495d814d6d6d521e,0.002744450766170884
ck_7aa8bc018c2b003b,0.011986235889499262
ck_7c3a6a82f3c3241d,0.0005932787589897085
ck_487f7fbc290e4ae2,0.008706596410959692
ck_e556c4d36aadbe03,0.004281694477722138
ck_7e6569a1b2455cb0,0.025058290878422207
ck_de2924955926d046,0.010333948923370414
ck_73d60b4630e3937a,0.003515821120147814
ck_805ee564bd35ef15,0.0022634567139409823
ck_0d40961e47797027,0.03144575430474977
ck_f06d00a4f9c87d80,0.013348196101514257
ck_5ef50fb07b6737d5,0.004413004140083668
ck_16541fc15683e21c,0.08663114376637983
ck_09fd43f1b7e2eca2,0.007859917220538176
ck_2a2c336a69b8d68d,0.28407476285410005
ck_2685f38930866af0,0.005050269193986238
ck_298278a9da874437,0.044132596288552796
ck_00bd7803f2530c68,0.014487493674590624
ck_c2b4a1d8c0b6c1cd,0.004446720597887012
ck_2acb54ca20c3af6c,0.027522126480673304
ck_e3d4b6f681c783ab,0.09324406300872433
ck_f90293f1eba5d7b6,0.04702044286222478
ck_e69d27e8965df0be,0.00415078183717396
ck_b7f5d10b427346ad,0.04231220481586393
ck_1ce20e4223a936b1,0.0047828720375204204
ck_6b97d1ab90f6bdeb,0.0051727959916247086
ck_e30e17db5473c7b2,0.00361725195474589
ck_154c8efb19dee665,0.0007198437893691031
ck_6f5bb0c930644cae,0.9998966257253286
ck_9e17699baa83d173,0.005173799069366349
ck_9693b1eb70880205,0.0028977135182026376
ck_1e97899875bb427b,0.0006106413990168989
ck_558a82590f65df69,0.001079143731001637
ck_18df83242ff3cdbb,0.060971674398976786
ck_80ad4396e1084c68,0.03437639859266013
ck_0a993bc947bab61f,0.013188680919944955
ck_5c2d43ff841632f9,0.00277161232289442
ck_6e4b99fb9725d9fa,0.02077591055775407
ck_e0983999ca26c19e,0.005166753164541404
ck_6573c4947cc8607e,0.04035496333297462
ck_d879d645d6e44207,0.004222197309495658
ck_1375ad9f10688e4a,0.03423326351736996
ck_7501ebbf4e21f160,0.0021912250707337494
ck_ca60d61cd4dc3bea,0.008260903036153046
ck_ab9ea095a5c58b4b,0.00650178590323853
ck_23756522b58df5d8,0.017801368903313436
ck_90bc176c43d85fd5,0.09614988705851008
ck_908b663b2dda94ad,0.30492475485664416
ck_4df2fb8e4b649e27,0.00627208964628892
ck_5615c6bbdef05291,0.07727427422743358
ck_b62f3e3185251f71,0.0026886400967284117
ck_38d1a22850178f33,0.011282356842243308
ck_5b3ba20c8bb1383b,0.003269561612017614
ck_5576ffc6aaf6f22c,0.0007772196193783992
ck_cf7a022178165e56,0.03097443648775041
ck_f2c7a4c50e2ede96,0.010375183029984712
ck_285719c77eadf915,0.004473669080742823
ck_f2aa1b677619ab19,0.02999925352554739
ck_3830c58d841e9e69,0.5910381712709998
ck_32eba3510c8eac5e,0.00521600499462304
ck_8955d7b9030d5eb5,0.00044446325265813777
ck_6775e387dace7525,0.013876099483366822
ck_0a0cd7f4be606a93,0.009852340138536789
ck_a9f700eee5d638df,0.00950606281346851
ck_3d7db96995745472,0.030348946891199886
ck_aeed557007d52e9c,0.0004226985000748465
ck_79b6a86830156b5a,0.003370358609901995
ck_6a1ff9d69466181c,0.9994510439116666
ck_f11b1565f986f5e3,0.00886283347581073
ck_4819327a78615485,0.013888847427801736
ck_3ed9e081959b2f5c,0.015620297031323699
ck_16af4be191c47d3d,0.0036262319526734624
ck_25122cc0e8b1a662,0.04097501990347776
ck_509c22828d467ba3,0.03825443079220209
ck_31109c899336348d,0.011739126521479671
ck_c51131e53baa59c7,0.002366976377769217
ck_cf8ecabbc61d3e11,0.02456400507011856
ck_eb6baff0f85ba936,0.03396644398481823
ck_777669e2243204f2,0.8909444323206508
ck_ac0ea27e692acdc9,0.011592870914620948
ck_4c6ea04ce8ca9e2c,0.13304331913206507
ck_ca54b32fca7e94cd,0.016832643992287916
ck_4dfd8947f540eb24,0.009383598929239121
ck_95aff1fe27fb24bb,0.018730732491237516
ck_c7550723b90e5615,0.0015215514397617046
ck_57b3fee69bdf85e8,0.020602319106511117
ck_f823407ace7ff064,0.08770437443078298
ck_a69084a068bcc8aa,0.04877489090432294
ck_c7b17f7b24bef5d7,0.011364362097922973
ck_7c4e588f927c27c8,0.02611007236438416
ck_77fdac602d0c6f95,0.1290969493587892
ck_e963d8525018d072,0.02019496394003438
ck_6e8ebaea8f7bffaf,0.01239360341781641
ck_aa42976a31cb7770,0.0017388743874224425
ck_22c862a496008c96,0.9995185626660731
ck_527550dd15f38782,0.010755969313152588
ck_b3ab3c210e2c7c19,0.017695553740921948
ck_ed9c56fdb9f45ddc,0.12401857317229044
ck_b53281da70defcfa,0.007084273116169631
ck_03009b721568ee98,0.02618786808508328
ck_3d9afd862b3f4053,0.38240603913563603
ck_ad3c4be96599554a,0.008169472146418106
ck_d1c787c27d50af49,0.008302063281328145
ck_c7a9c7b2eef46a99,0.03879776178593215
ck_53036d3c6c74446c,0.3503461431118273
ck_1b1efbd9c0964c8d,0.0036523929220691844
ck_d66f42a269d5c1ed,0.008749667760452362
ck_fefc49a2b8ad993e,0.009662966071752132
ck_8b3b874249adece9,0.0279775707531344
ck_193d9c87ad3f1dad,0.005850016937553255
ck_0c6a50d747593b7b,0.0070245381063627176
ck_c830f3830875b47a,0.010260199096254042
ck_79e202f06d8dfe42,0.009133433665446746
ck_5c0fe988b8aa7fcb,0.26894259304390356
ck_a8382d8345f21e1e,0.001942010355273378
ck_8cb20053914692d0,0.019955062425289077
ck_1da2f69023ca4c13,0.004648306225908614
ck_38abb60995114f8f,0.055382915553854994
ck_f5791fd8fd8fd191,0.016654329881683645
ck_a4e6fc391b674335,0.33629677234342
ck_bd771efb4a7e15d0,0.004878242225363271
ck_38ba4a6b6a292054,0.01769371232527319
ck_f7a07283345a0dce,0.03194701293131803
ck_87dc484baaf5a23a,0.001985344593166267
ck_c84ef83489badbfd,0.016179787382082478
ck_a397cd64ec5d644b,0.028436040263183596
ck_7977135c2ff61e92,0.001084274859573069
ck_52174855b243a8b0,0.02413410197148287
ck_0f35e930d0614613,0.9983867079509362
ck_b170a7db522a0d6f,0.009684324030515052
ck_7af748a23775bd54,0.011001714714714632
ck_52f641c9ee6fda70,0.004879251858836829
ck_c3719a30414bbb4d,0.0035561196439944224
ck_2baf214ad6bc0dbf,0.04149474231114156
ck_8b39d8aacfdd72b4,0.04655900564752422
ck_d39b0152116203be,0.0079973450663461
ck_ed33f8a937f9c7c8,0.004553814960458811
ck_8ef97b55a5fd6ec9,0.0017623895709618933
ck_8247f008a14bd1a2,0.014327525287223962
ck_f0d349d68249d5db,0.011441301715947894
ck_a544e766540861fc,0.016029948180313502
ck_9dfaca4c7c80b10d,0.047907970275584584
ck_7e5401c362b2216a,0.005730415301621769
ck_64ff60c073fdb6db,0.013516092120505483
ck_fc5ea49518e5d637,0.0017516008643304872
ck_580f136ced341298,0.01915651674557603
ck_9cbef9bc95449dca,0.058973928524770576
ck_e475a3b8ba870a7e,0.0014191528981250777
ck_97e94708bcf43563,0.005045685410828188
ck_13f03ec785cbdae1,0.0047948849241073515
ck_152820d8817f478c,0.0076091731676473495
ck_d20d4ba60eec9945,0.005580010192921605
ck_5c45968a805132e0,0.014726119403772166
ck_bebea2cf3063fb24,0.006519402034239103
ck_c3c69aefe7ea1d2f,0.01111511360339178
ck_02028b72f26fe855,0.005543093373628773
ck_dfadff70a58a9133,0.010208975331298883
ck_6482ed4491bedcaf,0.0012120211783217193
ck_754cd7b4a5ae3f94,0.002489604542234199
ck_3132857aec8485bc,0.0033563924941084106
ck_7ce4ca91b8f9f1c1,0.013669121947312783
ck_41938582f4351772,0.020538147145332836
ck_f87d66946252476c,0.09812611731735418
ck_8053f1879a9b4e43,0.02607379568258972
ck_93892e91387f5103,0.061514993666438936
ck_15254db133b28371,0.028664696438737498
ck_d557b9feb241b3ec,0.005948225305649979
ck_71c3a8e4c12c989f,0.0068669881128760445
ck_80e3041811033443,0.0248748068477582
ck_3380d60067b4634b,0.008150093866316415
ck_a9c2cdc758df8510,0.012199581608015764
ck_3c0031d7514da17b,0.009681633886693306
ck_18d214b1418be39d,0.012286808798736271
ck_7ce768407fd48321,0.012370894710191068
ck_7a50abd42298133b,0.008506090486811443
ck_2db10f987d137582,0.011836700649509436
ck_e077d004cd1d80ae,0.0096482177109835
ck_1cb6dc67f9a321b5,0.0006515868485851211
ck_b864f64101149c35,0.19486170851372758
ck_9bedf54df9418e4a,0.004819928226104351
ck_c47e32c47f0e6578,0.09594375632474156
ck_71f382d5e338daa3,0.0020215817972189325
ck_14b4bf7be6ac2b61,0.05234646001458265
ck_5c87eea1cc07cc92,0.037473010617704326
ck_5f445182829ef342,0.020338442399230508
ck_a5d7311291caaa54,0.016553461887220275
ck_b7df99aecef385e6,0.012823465622751495
ck_3327a0582407068b,0.017534294214420296
ck_08dba09fd7dab896,0.018581231078316038
ck_f4ec334be5266378,0.014390972682325753
ck_240f7f894c5a86e7,0.006005741614060899
ck_a9d994554fc14a02,0.0005788361235583874
ck_13648cbd306eee6d,0.004756216943599244
ck_601edf9105b3c321,0.9937568662349576
ck_9527adac182abe57,0.2606934537539719
ck_4e0e80f5cc271bf7,0.002773822288494369
ck_96a89e720176b389,0.032364112795587936
ck_63560eec94b76d2f,0.0032663147375544864
ck_c9c99e5b19aeced8,0.004461746773492297
ck_bc32655ee5ed643e,0.018699008641733558
ck_edccb5a93b741744,0.007514761267332432
ck_f786cbc987b70930,0.007107045647617445
ck_0e8f26536ccc8947,0.03935142000118905
ck_b87ef4b98cfcec4c,0.024758096515059804
ck_1a9235812de4b2c1,0.004740168533927423
ck_d1ed88ea4211ba4d,0.011414245791847532
ck_a4ddac49657a4450,0.003926274233290496
ck_d9ffca35188e49d8,0.014977765796489738
ck_3db73bbe03c3d240,0.001366256919712925
ck_fffa0622344a36ab,0.0030323954834577263
ck_148c28df51bba5e9,0.8418602304768117
ck_076cbc25c8f15fc3,0.985420164297945
ck_e5ca550b39ed45bf,0.29214601317858996
ck_8dacf3a2061ca17d,0.009502567718541896
ck_2d7394afd61643d0,0.017994577338424203
ck_e42206e91f6a1752,0.0004582250517156587
ck_2f4f94827984c426,0.0016945861035665122
ck_edfe8e90e8f4366e,0.003834853627698567
ck_646b15f753e5e9c6,0.039731149422885303
ck_66600620149c8799,0.0070811852781842806
ck_4ff6fc70bccfba96,0.007062378592083246
ck_41af3729590c2484,0.0010794073346777479
ck_920a48ba8c583e96,0.0012019985657265853
ck_0253b3e7be021306,0.02796754350914791
ck_2ae6949246ea2648,0.013570949810355212
ck_db23a5100f338d72,0.2771847480366074
ck_fcb2a559474c3493,0.006852556653145047
ck_0a4d7acd2a53cbbd,0.038273760308462954
ck_c5d62b2b7a6f3bac,0.9298337458225199
ck_cf59f4fc0ea690b2,0.0013441013054747233
ck_837be8126bb19250,0.01130030707144719
ck_58955542edee1adc,0.11752175292756728
ck_1b93381d8eea58d1,0.003014575426288473
ck_97b8e05d62abdc14,0.05222958431052506
ck_71a0d645744302a3,0.07931409913520629
ck_a7b57882ab66b111,0.0020093971953789114
ck_65f76421be648549,0.012206849951595263
ck_b53ea8713d32ca7c,0.004868279136903238
ck_991c4c924a1d85ff,0.7810306769461799
ck_8432ccec1a4ec7fd,0.998854371818619
ck_64c1633297f43788,0.010554850480460976
ck_4291fd9c1161d8e1,0.012473914236397285
ck_5e98ed6391d9f429,0.012648143672547223
ck_c7baebe4549fdbb4,0.015305360304164784
ck_6e67225ba59fa5ae,0.00924158329579727
ck_719602def4d35fe0,0.012638552380884517
ck_bdee7c86f5ebe81f,0.010910851312079152
ck_8de38f8c7f91961f,0.020021313001730642
ck_b0b5bf9254700402,0.08159741356913057
ck_7b55d9bb1a250d4f,0.039684789704508304
ck_3954b7b0fd1d6614,0.0016320418925103415
ck_f29471fe7c818d6a,0.06005127328713422
ck_9e65a8a2f587691a,0.004464206822359119
ck_eaec5f1a83b66eb0,0.024578996194733055
ck_004fe0daecbe2c1a,0.016371389681526943
ck_d17653a4a2d4a79e,0.021310534528178455
ck_0dd417fcbf19e424,0.010797634906433753
ck_4c99a6eadea143e2,0.05072813633373243
ck_74d602c907ee9119,0.004837159993128132
ck_1aa87cb62acc0ac6,0.007031334491561454
ck_094974d75e29fb2f,0.027053529923111927
ck_5ef935ac3d4d3332,0.014143765902080205
ck_b26e4ae47c9107ed,0.07257974917059992
ck_396cea6f95186ad2,0.008007185046649316
ck_48446a9e8184c7d4,0.002691550450809169
ck_31e1ede23247d56b,0.12459839890974192
ck_7afefa349b960a3e,0.01845850523909949
ck_f5e02a3432571b20,0.08014130032183575
ck_64eefec062592c43,0.0016138321501640023
ck_a1201284122c141f,0.002836541218172601
ck_1b34c420a4c85a95,0.005653490110202045
ck_d637a011332ba67a,0.0023737334888907294
ck_99c0004d8b7079f8,0.003540985761241199
ck_948517bad569b40f,0.13715136641504938
ck_a28d6b1601b472a6,0.015387261104945475
ck_a0b4209feb31f5c0,0.9996870820477588
ck_d6d2c1f6dfc455b6,0.048319009259938116
ck_3f9e6d356d3dd3cf,0.0049035565868864135
ck_d08e00c842b75176,0.017423068102055562
ck_bfdd232a7c5f2660,0.03249441170036192
ck_2cdad03ed069438c,0.013185907418869026
ck_42317c3eabd0a285,0.013412341645663108
ck_3eb73e56751c704d,0.008595876913232117
ck_ef33c04f4c9e3758,0.006348056929950245
ck_1dc23dc870f1773d,0.008567361613103295
ck_76091f357974a152,0.006930240061558079
ck_4d9eb75e8eee90fd,0.018937184954665613
ck_578f67e69e5d2cfd,0.00594562936393798
ck_3a8ce1cc724229b8,0.0029575962595275633
ck_a96887f841e80fc1,0.03123623611731047
ck_d2d4a8f4a9f2c33f,0.020262384680194128
ck_11f85bc705dbe036,0.018127513815116313
ck_7429b3f87528e335,0.003599834059128672
ck_26df74feac7ec51d,0.008836660655066195
ck_c78b2638fadd91ab,0.008048236244225985
ck_7eaad325abe3b50c,0.00761600063763819
ck_fd44e34af620e606,0.06671731016865153
ck_f99738dff854e25f,0.0022075120604844933
ck_1ffbce3a239bb264,0.08642759639363436
ck_96c7d52ba0a766ef,0.03166516267665406
ck_cb1c00c300af3f9e,0.06602265757924906
ck_ec3d12848ced99f2,0.001011248969425956
ck_26cfd7c3c6c7bf69,0.007225689917165614
ck_7ae86b5a885affc3,0.016110641407003745
ck_3edaa94d28cd48ea,0.009532418315535418
ck_3209c530c9812e39,0.04248358016083223
ck_ea62ebfc1f04b49a,0.0010704847557057942
ck_5fc90b4668ea81bf,0.018416387920096106
ck_95654593cdebd141,0.005642037293444254
ck_958c0bd61820147f,0.026503437766265403
ck_8440ef1386c07194,0.0013768859822342085
ck_8cd1b68dd74b1375,0.21972396502666322
ck_c9eb4df91ff07f2c,0.021407439265808962
ck_c29489366c01fe65,0.9901095174897689
ck_c965fd6bec0f0ecd,0.026197390554457335
ck_84c402b23766e1f2,0.016248843821995186
ck_181f3dae03b87136,0.02002967214884861
ck_022a8ae79eb28cf6,0.9949359666774015
ck_469c17407d17b706,0.020394137035531848
ck_1fcc5843f39148a9,0.0021560906856559732
ck_5debd55f361b2ddf,0.011124034323028513
ck_28cb9b03e89263f1,0.005378214356458765
ck_f067470743d3c7a2,0.019667701639087168
ck_d5d225ce41a1a762,0.022402041637119174
ck_15b4840922195ffd,0.13079814703520348
ck_6bcfa37c717f19f1,0.01793387960491174
ck_8d501a0386c66be8,0.23173170714531946
ck_1a9d6190c57ea7e2,0.25686960114046853
ck_c49832eabdac5bb7,0.0026427442956222643
ck_b4331140b2e0d4aa,0.010611120993413289
ck_5efbea1befdefe1b,0.1569640296120094
ck_72ff52c4824072ce,0.03787548062367114
ck_ec3715add8bbb6e9,0.007486743804765487
ck_9822f8ed05335741,0.1171193029145315
ck_c3d7d3d12a1981a3,0.05061827294304459
ck_a115a7919ac5875a,0.03259603840348224
ck_4dd4ed23e0b927b7,0.1415226381022893
ck_4c76efcc1ee6762d,0.025221698297993332
ck_3ad6e7bf452c9b21,0.038029697684118687
ck_dcbab304b55a42c7,0.004344544756901216
ck_24b53090faf722cf,0.0022911573146870068
ck_187317383400491d,0.011130510572972107
ck_e07fd57565c94c28,0.09211697434234828
ck_740e760fdcd27835,0.009759436336700898
ck_d3796aebda1cfed5,0.6169289500048994
ck_e541967c681cb929,0.008091585003372646
ck_431118050b834dcb,0.0015057395950669305
ck_90f3655f0c8a0074,0.01036764358193893
ck_13cd943777651aac,0.025073019070676678
ck_66accecabf3901c0,0.05197260363039983
ck_937f0da2306b2eb9,0.04052217670871128
ck_105b0c93573fd5b7,0.30555376721742755
ck_00480407160e0743,0.011827918134692044
ck_e032068be7b77d15,0.020672472679558927
ck_991b7dfd69098320,0.009692072478270945
ck_37d47cf0f34574a2,0.006075448121649353
ck_011551a596544f5d,0.007320097653432224
ck_9acd98f4fe2d474e,0.04100424406187987
ck_7c88d3d377bb61bb,0.013921710857029562
ck_e2374c7136c964fd,0.01131342477416138
ck_2fa8f2577116e9ca,0.03618181497763237
ck_d07c5b0321c685ea,0.15207683295410213
ck_bc736114a31088a7,0.012268247206794721
ck_32bb42f9bff197f8,0.01382400727891354
ck_66267bbad1f1415f,0.998647532843474
ck_19988702ccd79201,0.001191910865141378
ck_f473a03fbcdbc4b0,0.0656711548879923
ck_e3f1d85fa5d49396,0.022166135269301654
ck_c4402ea6291df271,0.011578465255834149
ck_243bd5ca8c4ae5d0,0.0123838943736041
ck_f271e855925e8d6b,0.3191619191575959
ck_e424148c6f2223df,0.012295360429699944
ck_e4d0a9e1102a58b5,0.0007251463209488827
ck_91c2a5fe69b9b1d1,0.28909543440118546
ck_5fd8924732fe403e,0.1448880691652311
ck_9a881d5433126ada,0.027314926960246014
ck_73cab88b29c7845d,0.03952190996842676
ck_5b5dea6476d4e182,0.008789289078216404
ck_ccccb17d2ca6ce94,0.16971760279242482
ck_cd1dc68e441222b1,0.5857640358760581
ck_8312c49b1431a406,0.004185291741805579
ck_25fea39897f2a559,0.0005419896943668639
ck_f56200205280bddf,0.04029189304993703
ck_7336611650dcc088,0.007102798885715988
ck_590716322ff147ae,0.013127470992221361
ck_c82364d87875a1a1,0.006201322654372406
ck_fa4b60387d744fc5,0.006800880860362579
ck_d841eba8906e9a15,0.0001976897694759703
ck_d6df562a79b9d0d9,0.006207209061157502
ck_59a14d2564193101,0.016876089014815736
ck_8530158e3d7f59e7,0.0016339393064875977
ck_ac68d707006c12a8,0.010925935701333425
ck_976fac1bb3dd8c58,0.011842108046252174
ck_f854fba8f4adae3d,0.046998418821526604
ck_b98e9c3ec6e7d1e7,0.0006155075373050846
ck_803c0b4cf9d4bc1d,0.04094780690031522
ck_76997a33c3ea5107,0.0015256648448564699
ck_f1a9d832b700bda1,0.9592377793104818
ck_2bd96ddb8c323d63,0.9967125116134928
ck_9e5b7acf51b1b743,0.014388119936674045
ck_09169f22194fd6aa,0.008132336026322193
ck_6d69e092f9b0848b,0.01947467837699596
ck_9f83fa5a2d3b9049,0.007246110128611471
ck_57bbb19eecb4b87c,0.02269741820373983
ck_e0e9cfabb979f428,0.0017661860325686913
ck_b1ff9edc51d42f97,0.0004640043922462467
ck_4682fad271d47eb0,0.9277302368221344
ck_ab33fb754c818ae3,0.0281076953961868
ck_b456f62b80e21557,0.001178591128169053
ck_16340be3f2a7fffd,0.010470797799658134
ck_ce66831f6611014c,0.003383172501901383
ck_4610a073bb54d1b1,0.04102642879458412
ck_fd038a7d33a9d6e5,0.011088501660246528
ck_c8198cb4c461304f,0.024446832574340337
ck_1e7de58822000dea,0.033542292844027544
ck_b2a79dd3df560f14,0.05665857132243102
ck_74a06f347b32347f,0.011522852809991048
ck_c6fdb2972417c9bd,0.010313381400909507
ck_d7607a213b800bfb,0.06697585841074881
ck_df65967b8b40319c,0.00228047198580218
ck_329a73dbd585ee09,0.007528494651809271
ck_74991a9e85c3b07d,0.005900649182659318
ck_bb76609b79e0bc9f,0.09768251899973288
ck_f7fc1bd0b9ab1fa4,0.020374493325423033
ck_d111c98b36bdb791,0.0009889152025443636
ck_f07e27d125497b66,0.008339735547640167
ck_093e3a7134e11d6b,0.006258313754240957
ck_862c7953bdea48b0,0.002786147988749689
ck_392cf2cdd515c34d,0.0009808815277335117
ck_80eb91b0b4001084,0.025211888770606365
ck_5923f53b77193a58,0.009839616331093589
ck_8049f5fce32be185,0.69147176055102
ck_ebc5a2c6cf88e252,0.03242410396221966
ck_9ea5872f14cce338,0.007255990386161835
ck_f7fbc95ebf584379,0.00046184779402915366
ck_bafe82c870356706,0.9952480237180756
ck_278b36c5932d9bff,0.007758567625499215
ck_6a892dd5d05c1649,0.046029770058725945
ck_0734fd90b2cabd43,0.08699372288982739
ck_9b552204498b6762,0.010502563218441459
ck_f6c909c205767956,0.010652990819249185
ck_32f590e87bc3d715,0.0005257755594577526
ck_66a8325f28be7562,0.017299615115747125
ck_b129261da9c3c3c9,0.005550822226505843
ck_a524071c51ddde20,0.022434853556502817
ck_ba576d6d4cb6130b,0.20982859062054104
ck_8d8226520722af78,0.023542678771547962
ck_c5b0f0d4f1655a20,0.019484341521071643
ck_61814ae9b6d8eab1,0.03730005863077152
ck_382ebf136f7fa337,0.13993122888516032
ck_423ff4ede6a9f066,0.09062323744007421
ck_546ad962d04b7de4,0.9526697336583656
ck_9473ea4a01c95f9a,0.0821191129602151
ck_9eb1da8cd35a50ce,0.006868130844709843
ck_de5eaa2cdbcb67ff,0.05678128791564357
ck_537cc97d0398c922,0.1474747558477369
ck_998475a2e4dfad4e,0.04116127901164898
ck_e62eb708d2688fae,0.011280297798012427
ck_ea623358f704daa7,0.24100108340789836
ck_b911a09f328dfd4b,0.011339968449648843
ck_4b3506b624e5193c,0.04375637470852871
ck_448456f96788713b,0.011331617319530397
ck_5d5ef9e75f65d076,0.011621201465651175
ck_3b74512f774a6e5a,0.019601075731864277
ck_a032e8ac1507c6df,0.5614028184137716
ck_7e2d6b22a0ae20c2,0.04696845809950308
ck_d80283209c963f11,0.0006647263078759229
ck_d1157eade2ac3975,0.008928377836522018
ck_be48f583f79427f7,0.018318195378305143
ck_0027b5d4107d65d8,0.14138167678881014
ck_94fff69584dd3b2a,0.009538702199702433
ck_75fcda73f0b43557,0.0062931670366511375
ck_a1c78972e4ee4082,0.0020024869455883996
ck_f0982bbdbd122f91,0.002344209821035056
ck_3199b471575aeb3a,0.0038341616739504445
ck_7fa947a0b1c1cf74,0.01902426573168172
ck_a60c618b7f0e4252,0.022520466863199855
ck_722ac47c8ac9b6c3,0.09714008765607457
ck_d44dc3839a195c8a,0.18177887167628748
ck_a2c3e82fab520483,0.014053175136960647
ck_6f8ae0319c07cafe,0.011925917119586724
ck_49886ff1e2c759d6,0.05254826570227775
ck_150a1108f936e6b0,0.00657066619080891
ck_e21f9f96f597695b,0.003545453605154858
ck_7297bff2b7fdcbc8,0.016065675887392685
ck_ee949c71f4f702eb,0.9617366726178785
ck_6fc37dea4b4f35c6,0.0730553237756215
ck_e76257caa98dc25d,0.9902471810400081
ck_828eef2334e17b3a,0.007326750890364465
ck_604e1b8a8c693aa7,0.05562889165925437
ck_7743c9fe037d1f9e,0.14569552171164069
ck_864a11202e19e812,0.1230528308932286
ck_4ec040b9e3785e4a,0.0106197020238087
ck_7346e4f820d9c00a,0.800164513805177
ck_48d4d63beb26b623,0.12728133632386568
ck_c423aa6de3ed1e01,0.01237191389085018
ck_d74b2ead8aaa3f73,0.004737065910401541
ck_1dd69a11daa7bf1a,0.019831392002619463
ck_d9143e236eef177f,0.08979664441410441
ck_f790d91e5ff0eccd,0.029000972883305286
ck_69b5620e00ef5dec,0.004473207801801233
ck_cd32e58e8a1c0e85,0.013787489686671914
ck_064013b0957d87a5,0.9705909058582505
ck_a481385c2e60dc4a,0.004947240838227295
ck_d72035cb29db3aa4,0.008834532364466104
ck_3759939a0205306d,0.01638472187307565
ck_f437a53fc832ec95,0.15920278855381303
ck_260ef2f3e6434819,0.03886572827181306
ck_35e411b05d22f663,0.014106769232174406
ck_8bf46e472f3e20de,0.05996141604898188
ck_d546994fc5d3e9d1,0.0025191983285606447
ck_6ff0fc7487e737e7,0.28998123651720675
ck_5c67f27816ae0b6f,0.012382172399650638
ck_c5517923458106ae,0.009263969482884963
ck_d9735647a6b0b0a7,0.2776753150096909
ck_541a734fc457246f,0.04004613474484784
ck_2f6a639468f41043,0.0020831354091051446
ck_bea2cf7a6b7bb900,0.004499214160846954
ck_7eebd0e6ad6c070e,0.0038758880271486658
ck_b64c87d5e3b10e6a,0.6349635339047709
ck_9dd7daacb7833233,0.008820906789656009
ck_396e9ea9a6c6d7d9,0.08973874438174562
ck_1645e6cc53fa99ff,0.03551770526530482
ck_ea2a83ccb8d57490,0.0048533379930708045
ck_e64f0df63e1be595,0.03199099409767247
ck_fa0b234481cb57d3,0.05426677636855433
ck_63379e3c9fe6f711,0.01897383054301944
ck_c67f7944896a0310,0.006352113770130641
ck_c10e54c9db29e6ef,0.9973169917402068
ck_7184ad7709ae4c80,0.014479745611259164
ck_f8b6069d7577fde6,0.019726031551377553
ck_18444be153bac1ca,0.32322370986802773
ck_d0982b4e0e118e4d,0.18271016001409376
ck_6faf3e6820398866,0.006204942120677932
ck_97e980463aca4644,0.013873292953828827
ck_630c835243c66b19,0.9880459242940213
ck_fe429ba3e1aa0e4f,0.00909200807292478
ck_1058129ed7b48c59,0.008252919075492396
ck_04a1a46f07885296,0.00788900486153712
ck_f01e94331067edf6,0.0010256273432426332
ck_77b2fb17c29f5e72,0.002495922605232304
ck_4f0c5857da45fb28,0.015011381993145848
ck_2cfb9a7775e8a5bc,0.9945552912605581
ck_6846100e43659bf3,0.015941528667699826
ck_f89719a854fe11d7,0.0032615417523320692
ck_bf47375e41ca3bc0,0.0034675713625609743
ck_2770b0400a7bef08,0.14811536136960607
ck_2a09d142de1c77ff,0.00917113603020192
ck_857a1f5547b9ad68,0.01458043173310098
ck_185f15b1523bbcf4,0.005504906636685657
ck_ab2aed614ec1cdf8,0.023415374496487427
ck_a9e7f3b2d5dfd97b,0.016347218355642394
ck_0eeb3d9b3e697edb,0.025855892655655563
ck_fa5830d81bc8ddc1,0.018955320639327873
ck_231ae0329ebc3220,0.05623416651890582
ck_1587763dd54688c9,0.018617145903658507
ck_9f85fea4490c00cf,0.011536094180058508
ck_a2d709e7eb91e4af,0.0221913571222381
ck_43637d28c7216453,0.009676942045496928
ck_f3ab5dd853d38252,0.0014752417058039092
ck_4a1f0172d3bf4fd3,0.02683827939280588
ck_517620ca16505af0,0.008579685800428791
ck_9ae904fbef56065c,0.04604344085692353
ck_d5ef1f6e34bb35b8,0.04018091165380146
ck_ff42557857ae3aeb,0.013542835889864128
ck_ad9a18f58589faa7,0.029981186608050586
ck_df1a6edaa3e6b271,0.003791617264807277
ck_99021fe7225b5a68,0.003093241014421146
ck_99e52c3c2530b69e,0.9949947015323629
ck_3a4811dc4a1a891d,0.012977542518415578
ck_ba3a6be026c87079,0.009255881109078098
ck_da6d1e5cf6aba6fd,0.008801409103831849
ck_ddc7c1f3d45fe6e6,0.020881589290108176
ck_e1b1e7a7e4a15b3e,0.11319067920008505
ck_8288f7f226e08b89,0.0021762833989435954
ck_c4524993ec31dbe5,0.013312387751485275
ck_8b19bb5b23b6741c,0.0053678028020995834
ck_d21b38231a8a9f4a,0.043923921621261186
ck_3f730318a9792292,0.017492941263077502
ck_a4db6e94a8f77f9d,0.08880215299290799
ck_a8cac8d480306839,0.004015448300499853
ck_5472214011fbc2a7,0.0015214810212727408
ck_7356f47dbbbe7904,0.041995433405088475
ck_16801e628e883d78,0.0020937213451428798
ck_0dc1e536231c4860,0.004162300425731228
ck_7cd0634a6e60af83,0.0003540342214734642
ck_ef6f8e048ae1bd4b,0.0008455926256445886
ck_82f3f744209888ac,0.010058061702259645
ck_f33188c232a03526,0.28617308756233006
ck_4a59f4e10bf45d7f,0.0031726087212683254
ck_d96c893721385e4e,0.004328426929519651
ck_f65ab819373edb37,0.008553429058797631
ck_21cac21fc10b7768,0.0073431141438109965
ck_139b54e6ccbdd7da,0.13990659052658366
ck_d6f5c8741697abb3,0.008545277029586077
ck_a28d9bb5590d458f,0.07467004421599292
ck_ed26d906883bea0a,0.011025176537139313
ck_227602ad072b838b,0.0021666664634584793
ck_39d5f6c17c745ab1,0.003624929900214921
ck_744eade757ba69b5,0.013522344103077002
ck_c1295d97cdf35ec2,0.0005955518372977131
ck_69105f881da3c821,0.0055641637789917925
ck_933789b55361d7c1,0.7975141671342434
ck_b667952253503174,0.011931768843539413
ck_7bf668e25abeeb05,0.001326352828962171
ck_91742711dfdffd56,0.010030097238370094
ck_af32a0660090dd68,0.022782939593990414
ck_2122f201e65f76ee,0.0015321107383467361
ck_f48acb73a5d6af07,0.03011918029862298
ck_337c5684510cf432,0.052428312572430184
ck_f7bde7265053364d,0.022458971116547637
ck_c190c7b924edba75,0.04091834973828768
ck_044fa3b3a003f0b5,0.02229375678548621
ck_87eb43e3b9d96169,0.05260799832250999
ck_2d3d6c9364362017,0.011385673585363012
ck_ac55dc6cbcdf8228,0.001798465868858348
ck_61d7b0568ec5d6cf,0.020011065288900853
ck_89c74feeaffa7d09,0.011130485575720177
ck_93776b0c113f41f0,0.03464379501283546
ck_15e0b679931f7a8d,0.00903412918367778
ck_77b56c49cfdb1d81,0.06980983368851497
ck_73188a826b5f499f,0.0035963440632829574
ck_4f463ef25325ddfa,0.14792782436060273
ck_863db2e394dc47d1,0.9573603122834278
ck_d52432ed597f3cc9,0.005030256998196858
ck_04fb61e5739642f8,0.1559412249006962
ck_2e481d75d110c06d,0.019296989550963418
ck_3fa1a523d77cd619,0.011199309952389139
ck_466dc6274fecd708,0.007165394473559016
ck_e1790b3aa2241b10,0.6313187909826287
ck_84ad096a46e1a960,0.02467902788365105
ck_3be72c9c178fa00d,0.007804651333955769
ck_5a17c89219d1d9fe,0.0039750601477126285
ck_4f639f4ee6ce8d9e,0.06865142457044798
ck_f4ec4a935e51b4db,0.009399238389521093
ck_f04040a830f92bac,0.09913438367967795
ck_3e4d02a04be2aaf8,0.022202573187912678
ck_4d1baef193cfb900,0.023251045926404305
ck_0fb3153d37626b75,0.005638821945476818
ck_88ec57a11b11f702,0.3495425644227223
ck_dca9dc465f759db4,0.009888476856306202
ck_64f5fba6af67e024,0.012877812282069372
ck_896096cb167254ef,0.0641788007644735
ck_7878679065876b98,0.04008083216154517
ck_fe8e5a6c880ceb4e,0.0007019202213232682
ck_a5e036327d3d1862,0.0030323798103457558
ck_310f73940fc4cf4f,0.014127919153665945
ck_46a8db16ad00b749,0.029151043280710852
ck_0d33977c3de8cfaf,0.9959178648994439
ck_c6fff412f531db0f,0.004219072172559732
ck_bac6dadf428eaea9,0.022725979254001764
ck_1b96d9af0d7da2d5,0.0007801617313921206
ck_fa8a4a9e77799fcc,0.012826024706865866
ck_0bf48607a874b4d1,0.006956094504585505
ck_eeb75f8a6439f65e,0.020954661269733627
ck_a209a5f7d172125e,0.014108689310588963
ck_8f346b72fb40bf14,0.002161138984145614
ck_bccbf9fef367f00f,0.006834270162337592
ck_2d1548f1ee405cc9,0.05857240714920217
ck_e8298ff2dc1e9d50,0.000187416609778612
ck_77c0fb524edb4a94,0.017620653897380986
ck_28ac4c5134cb8e77,0.015978924868536803
ck_db23a0e3e54be60c,0.05717042314556088
ck_a059d00cee5cee99,0.01956197681979333
ck_3e9e3bba8bd363af,0.0028167886185770834
ck_0428728df24cdab4,0.004099563458549708
ck_88cd35378075c84f,0.005445333791756589
ck_0174d76398d9dc0f,0.41284239648965004
ck_3f1287e6c27de0dc,0.012706143527269483
ck_ff822700f3605e06,0.9994455716805121
ck_4563227b2038ae07,0.07972526502530458
ck_788e78065526ee19,0.01576639811003295
ck_8a16eb584093b12f,0.009318996321189628
ck_cc276f71ab6c08fd,0.07347425553068376
ck_d61d97b21002f3e9,0.03236469342723224
ck_4b2e87d86a5e415c,0.04155603841370814
ck_3e6f35e4500d2f2a,0.0011931060357785145
ck_3acdb083e0d8ad61,0.011007339499037335
ck_cd655202db489010,0.008069513097877132
ck_829cbf5ccda481ae,0.002338764759811507
ck_f5882e6f98b8b4cd,0.007210892695469006
ck_767947540b234add,0.01926554235691441
ck_a6e8e8f535b1f1d1,0.021197494290835478
ck_58412a2674fea506,0.0068167951439217075
ck_fae7e518a585fa61,0.015026140650343186
ck_9c60ae6958d68dbd,0.7669450050220846
ck_328696b8f5e54ec6,0.027812068944802416
ck_7df3f8f4f1068d62,0.03882479662586214
ck_cfadd21458230ef7,0.001433899912310743
ck_7048bedd554c703b,0.02681105978120313
ck_50422466f145bfd7,0.009927390257594653
ck_61e1f7168cd9ff25,0.03400986744999302
ck_733aff0f56f5b3c9,0.03096174271387484
ck_e14892e424180549,0.0029065771539955446
ck_03f6664a96de7d0f,0.014255413773077583
ck_b7f4baa2cc82fe61,0.0009469118667124226
ck_1e51199a075ca0fa,0.0058566077619234365
ck_0e70516fa07cfb17,0.5881439295489521
ck_0f37c554a5057801,0.06885984989714541
ck_5576b725de38d106,0.008752078132728802
ck_82f360df1e9f4eb8,0.0695927121992165
ck_395f3bd4aacd7ca6,0.005884620836591846
ck_5e8e857b63966609,0.15783476272534733
ck_93470896f0804b6b,0.8752288159587782
ck_3be854e42e76569a,0.014128801062397446
ck_0567302c57a2417e,0.09554616342387463
ck_ee535461b5f05539,0.10801674850041824
ck_94a096c36162a153,0.011543786504985656
ck_dfc8f5c141fd7c63,0.01703974974196365
ck_98b34f2d704c1c2a,0.02730956814255834
ck_96dff7a09d45f116,0.009977524771772484
ck_79557434c129ba52,0.10929293766756941
ck_4596624a7c01d501,0.0027936099924871886
ck_04e89fbd739243fa,0.0068772396622012125
ck_6149ffaf18872dc8,0.002234120944739546
ck_cd78f0832a09bd8f,0.021246283618302508
ck_7e29c10d781c3b41,0.005550270426067358
ck_1f7ee7b23fc6f2f4,0.08397533814682086
ck_c49b685d2b3ab89a,0.0007416108876839297
ck_84569a8fc50e73ac,0.017434251032222667
ck_b92b11d205af91eb,0.012195930004802997
ck_06280e6d6d2485b0,0.001506491580384523
ck_3c08546dd0c92863,0.018925279709261174
ck_99d3983f907828bf,0.029945699483848797
ck_eccfd552aa652d3c,0.020090593801080026
ck_0cff8153881875ba,0.08067459952699021
ck_c1aebbeca6ab5ff9,0.004510020246442109
ck_538fdbbb3c2bcbbb,0.006193140725247159
ck_8c0210322733c718,0.0012367125159277763
ck_0b0c93039f987abc,0.011400258102306073
ck_6d07d6d1bd227d37,0.0318080199270559
ck_9b6ee35e8cd0b11c,0.020825803484117847
ck_d838491d3d4f5ecf,0.021749280811786353
ck_0593ae243a9ebee9,0.014824541848204779
ck_ef261fc09be8eb0b,0.0036865966017698096
ck_d0935b571a4a3868,0.004873491273704859
ck_97d04a67a104af39,0.021471131024562475
ck_e25f70d0b7229420,0.005879144708504918
ck_9b71274ff83de482,0.9980567176642061
ck_6de2aa2bb60978d3,0.02411287006809685
ck_eda55c8fb47593d7,0.006327796917079611
ck_924e572517515f19,0.5877013126074461
ck_d6f27eacbad310f4,0.0033831841844184714
ck_8550f229b5eb03ab,0.0016423520874262088
ck_e3e95546a84d0ed8,0.026117324719643925
ck_3135c019696ee6af,0.9233521082020487
ck_41ba315d8fccb559,0.00498963200899696
ck_72b86e4485da2d0f,0.9928387255430065
ck_daaa995f3c2f0e47,0.01605090075096733
ck_053746067839696b,0.02742293170238324
ck_a15fe7d0f4b65c33,0.36996529840786013
ck_15de11438732bb05,0.013626331045546686
ck_2c4d25acbe3fabd9,0.009879128218390484
ck_7f08078908599bd2,0.02706576353190879
ck_e794741742fb2619,0.003963670033497432
ck_238e53b6dee8c301,0.0041303943471522825
ck_53a6a33060d5c8b8,0.01061054814934611
ck_0e0919292ad33472,0.4149959628510977
ck_d86ccf148c06c8c8,0.019885356456275934
ck_c881f26c9bf9ae42,0.3599614586762642
ck_4b0947bf94e9d847,0.01767598443221055
ck_e10ff5c38bd18470,0.042925063432962395
ck_b60de9e97aad9e45,0.5669757656663281
ck_190bc849e5ff5401,0.0361656429502035
ck_e7be077aa0b2632c,0.01793555522244038
ck_a51abde881ebeff3,0.00727906068189647
ck_2208392a9f6bd249,0.0060520427247218005
ck_0259da8f109017e9,0.02145074997371356
ck_05e01ab9c95449da,0.015257663950534822
ck_c82897ebffb6ae66,0.002287420250655411
ck_b4a6bb4689cd7cfa,0.004453070252671196
ck_9e21ea33018ce538,0.010331634583012396
ck_caa348f0e65db062,0.9512036110879956
ck_a964e6b5d8415334,0.34745679692220355
ck_510bfbbee37ff436,0.004005932314207794
ck_9741a82faf5c7889,0.018436111623179468
ck_e7f61b4a39ba98ac,0.002275654279023366
ck_069d158665a53909,0.010386622946378161
ck_6426427efe3228af,0.016795974264266596
ck_ab4a8d02ec3c0fd7,0.00488941807030119
ck_aefa0d8d933e0eca,0.011349645932351608
ck_232325ef6bce92f1,0.0028519946380427797
ck_14e58c3fb26a2b4d,0.02029882383816563
ck_06e73afdec26aecc,0.04252124731385907
ck_3168f4f2778d64e1,0.013925097799047815
ck_ff3998d6858daa21,0.0024883317541442643
ck_bccff46fb0868454,0.17935499785013767
ck_c7d444d90fa86d7c,0.6346240376470068
ck_f0bc3bdee6bfbb94,0.026628324305397796
ck_f7112818a6d81422,0.01262764947286675
ck_aca35dbcb835ad02,0.011705117361558225
ck_f637fabf0f60528f,0.01664613437424955
ck_53d17ab97de1ac3e,0.04894560254607131
ck_c8c1bf16d9113493,0.05213789412993641
ck_e842fb0cf055a83b,0.03163031144588049
ck_93c0cb3dac4891fe,0.008792579847323439
ck_0c1f088e17e46daf,0.015387261104945475
ck_8f4b384955bf57c9,0.0018751857174888144
ck_09cd5c4df1e81ac2,0.06562456227452064
ck_1e832a5b2342554f,0.03204853266960575
ck_2cb763a881aee27f,0.00037139500043417955
ck_5875828b11406398,0.00933751418194363
ck_48e84b0cb0b90fa7,0.015387261104945475
ck_833688de8629c5c0,0.000655256045330236
ck_117d78ccd5820f36,0.009328068774731019
ck_668ec61c4c39cae3,0.0028381720610193848
ck_73a7794b659d7a34,0.020175211250717945
ck_10f90d879209734f,0.014166987807996806
ck_d1d079913aa158bf,0.006198859309182904
ck_01c631b38e8a9535,0.03265560642751907
ck_f6923088c17a04e2,0.029038166651005237
ck_b447badc9138987d,0.014772749415968546
ck_8b772caed8f1541c,0.0022439806446158594
ck_5403c76fe68a08ba,0.33522330376968024
ck_3e6833574edf1736,0.28206861193782246
ck_e527fbb9450a4581,0.5798320367042761
ck_cc90e219f1ebf390,0.0012769310005323771
